product_name,norm_name,source,deal_count,created_at
"BIRD’S CUSTARD POWDER – 600g","bird’s custard powder – 600g","both",4,"2026-04-17 10:01:10"
"Ching’s Soup Tomato – 55gm","ching’s soup tomato – 55gm","inactive",4,"2026-04-17 10:01:10"
"Haldiram’s Bhujia Export Pack (200g*2)","haldiram’s bhujia export pack (200g*2)","inactive",4,"2026-04-17 10:01:10"
"Ching’s Hot & Sour Soup – 55gm","ching’s hot & sour soup – 55gm","inactive",3,"2026-04-17 10:01:10"
"Cycle Lia Nature Gift Agarbatti’s  90gm + Free Agarbathi Cone","cycle lia nature gift agarbatti’s  90gm + free agarbathi cone","inactive",3,"2026-04-17 10:01:10"
"Haldiram’s Bhujia 200g Export Pack","haldiram’s bhujia 200g export pack","inactive",3,"2026-04-17 10:01:10"
"Haldiram’s Dakshin Kerala Mixture 180g","haldiram’s dakshin kerala mixture 180g","inactive",3,"2026-04-17 10:01:10"
"Haldiram’s Dal Makhani Ready To Eat 300g","haldiram’s dal makhani ready to eat 300g","inactive",3,"2026-04-17 10:01:10"
"Haldiram’s Dal Palak Ready To Eat 300g","haldiram’s dal palak ready to eat 300g","inactive",3,"2026-04-17 10:01:10"
"Haldiram’s Mini Bhakharwadi 200g","haldiram’s mini bhakharwadi 200g","inactive",3,"2026-04-17 10:01:10"
"Chheda’s Salt-n-Pepper Banana Chips – 170 Gms","chheda’s salt-n-pepper banana chips – 170 gms","inactive",2,"2026-04-17 10:01:11"
"Ching’s Chowmein Hakka Noodels Masala 20G","ching’s chowmein hakka noodels masala 20g","inactive",2,"2026-04-17 10:01:11"
"Ching’s Paneer chilli Masala 20G","ching’s paneer chilli masala 20g","inactive",2,"2026-04-17 10:01:11"
"Ching’s Secret Hot Garlic Noodles – 60gm","ching’s secret hot garlic noodles – 60gm","inactive",2,"2026-04-17 10:01:11"
"Haldiram’s Gulabjamun 1kg Tin","haldiram’s gulabjamun 1kg tin","inactive",2,"2026-04-17 10:01:11"
"Haldiram’s Kaju Mixture – 200gm","haldiram’s kaju mixture – 200gm","inactive",2,"2026-04-17 10:01:11"
"Haldiram’s Kashmiri Mixture 200g","haldiram’s kashmiri mixture 200g","inactive",2,"2026-04-17 10:01:11"
"Haldiram’s Minute Khana Pao Bhaji – 300gm","haldiram’s minute khana pao bhaji – 300gm","inactive",2,"2026-04-17 10:01:11"
"Haldiram’s Mutter Paneer Ready To Eat 300g(Vegan)","haldiram’s mutter paneer ready to eat 300g(vegan)","inactive",2,"2026-04-17 10:01:11"
"Haldiram’s Paneer Makhani Ready To Eat 300g","haldiram’s paneer makhani ready to eat 300g","inactive",2,"2026-04-17 10:01:11"
"Haldiram’s Tea time Khari Puff (multi grain) 200gm Export Pack","haldiram’s tea time khari puff (multi grain) 200gm export pack","inactive",2,"2026-04-17 10:01:11"
"Luster’s Pink Oil Moisturizer Lotion Hair Lotion 355ml","luster’s pink oil moisturizer lotion hair lotion 355ml","inactive",2,"2026-04-17 10:01:11"
"Narasu’s Pure Instant Coffee Powder 100g","narasu’s pure instant coffee powder 100g","inactive",2,"2026-04-17 10:01:11"
"10 inch Steel Tongue Drum","10 inch steel tongue drum","inactive",1,"2026-04-17 10:01:12"
"10 Pairs Mink Eyelashes Clear Band","10 pairs mink eyelashes clear band","inactive",1,"2026-04-17 10:01:12"
"10-Piece Paint Brushes Set","10-piece paint brushes set","inactive",1,"2026-04-17 10:01:12"
"101 Inch WiFi Digital Photo Frame IPS Touch Screen","101 inch wifi digital photo frame ips touch screen","inactive",1,"2026-04-17 10:01:12"
"1026-inch Pnd Wireless Carplay Car MP5 Player","1026-inch pnd wireless carplay car mp5 player","inactive",1,"2026-04-17 10:01:12"
"1500mAh Mini Pod Keychain Charger","1500mah mini pod keychain charger","inactive",1,"2026-04-17 10:01:12"
"15W Magnetic Power Bank Wireless","15w magnetic power bank wireless","inactive",1,"2026-04-17 10:01:12"
"15W Magnetic Wireless Mouse Pad Charger","15w magnetic wireless mouse pad charger","inactive",1,"2026-04-17 10:01:12"
"1x Rakhi Bracelet (Bracelet can vary)","1x rakhi bracelet (bracelet can vary)","inactive",1,"2026-04-17 10:01:12"
"2 In 1 Phone Screen Cleaner Spray","2 in 1 phone screen cleaner spray","inactive",1,"2026-04-17 10:01:12"
"2-in-1 Car Cup Warmer & Cooler, 12V","2-in-1 car cup warmer & cooler, 12v","inactive",1,"2026-04-17 10:01:12"
"2-In-1 Smart Watch And Wireless Earbuds","2-in-1 smart watch and wireless earbuds","inactive",1,"2026-04-17 10:01:12"
"2-in-1 USB Heated Hair Comb","2-in-1 usb heated hair comb","inactive",1,"2026-04-17 10:01:12"
"20000 MA  Fast Charge Power Bank","20000 ma  fast charge power bank","inactive",1,"2026-04-17 10:01:12"
"2019 New Fashion Color Bright Glass Watch","2019 new fashion color bright glass watch","inactive",1,"2026-04-17 10:01:12"
"2020 Designer Bamboo Flap HandBag for Women","2020 designer bamboo flap handbag for women","inactive",1,"2026-04-17 10:01:12"
"2020 Top Brand NAKZEN Luxury Men's Watch 30m Waterproof Date Clock Male Sports Watches Men Quartz Wrist Watch Relogio Masculino","2020 top brand nakzen luxury men's watch 30m waterproof date clock male sports watches men quartz wrist watch relogio masculino","inactive",1,"2026-04-17 10:01:12"
"2021 Bluetooth Smart Watch with Blood Pressure Monitoring for Android iOS Smartphones","2021 bluetooth smart watch with blood pressure monitoring for android ios smartphones","inactive",1,"2026-04-17 10:01:12"
"2022 New Sports Smart Watch","2022 new sports smart watch","inactive",1,"2026-04-17 10:01:12"
"2023 New Mens Watches LIGE Top Brand Luxury Leather Casual Quartz","2023 new mens watches lige top brand luxury leather casual quartz","inactive",1,"2026-04-17 10:01:12"
"2024 Titan Pro Smart Watch: 2.0-Inch AI Fitness Tracker with Bluetooth Calling & IP68 Waterproof","2024 titan pro smart watch: 2.0-inch ai fitness tracker with bluetooth calling & ip68 waterproof","inactive",1,"2026-04-17 10:01:12"
"2Pcs Set Diamond Women Watches","2pcs set diamond women watches","inactive",1,"2026-04-17 10:01:12"
"Allinson’s Dried Active Yeast 125g","allinson’s dried active yeast 125g","inactive",1,"2026-04-17 10:01:12"
"Athavale’s Methi Mathri 200g","athavale’s methi mathri 200g","inactive",1,"2026-04-17 10:01:12"
"Athavale’s Multigrain Chakali sticks 200g","athavale’s multigrain chakali sticks 200g","inactive",1,"2026-04-17 10:01:12"
"Athavale’s Patal Poha Chivda 200g","athavale’s patal poha chivda 200g","inactive",1,"2026-04-17 10:01:12"
"Athavale’s Puffed Rice Chivda 200g","athavale’s puffed rice chivda 200g","inactive",1,"2026-04-17 10:01:12"
"Bikano Premium Kaju Pista Cookies","bikano premium kaju pista cookies","inactive",1,"2026-04-17 10:01:12"
"Bindi 32","bindi 32","inactive",1,"2026-04-17 10:01:12"
"Bindi 33","bindi 33","inactive",1,"2026-04-17 10:01:12"
"Bindi 34","bindi 34","inactive",1,"2026-04-17 10:01:12"
"Bindi 35","bindi 35","inactive",1,"2026-04-17 10:01:12"
"Bindi 36","bindi 36","inactive",1,"2026-04-17 10:01:12"
"Bindi 37","bindi 37","inactive",1,"2026-04-17 10:01:12"
"Bindi 38","bindi 38","inactive",1,"2026-04-17 10:01:12"
"Bindi 42 A 9mm","bindi 42 a 9mm","inactive",1,"2026-04-17 10:01:12"
"Bindi 42 B 7mm","bindi 42 b 7mm","inactive",1,"2026-04-17 10:01:12"
"Bindi 42 C 5mm","bindi 42 c 5mm","inactive",1,"2026-04-17 10:01:12"
"Bindi 43 A 4mm","bindi 43 a 4mm","inactive",1,"2026-04-17 10:01:12"
"Bindi 43 B 5mm","bindi 43 b 5mm","inactive",1,"2026-04-17 10:01:12"
"BIO ITALIENISCHES OLIVENÖL NATIV EXTRA 250ml","bio italienisches olivenÖl nativ extra 250ml","inactive",1,"2026-04-17 10:01:12"
"BLACK ROSE KALI MEHANDI | HERBAL BLACK HENNA HAIR COLOR | 5 SACHETS OF 10GM EACH – 50G","black rose kali mehandi | herbal black henna hair color | 5 sachets of 10gm each – 50g","inactive",1,"2026-04-17 10:01:12"
"Black Shoulder Bag","black shoulder bag","inactive",1,"2026-04-17 10:01:12"
"Bling Leather Band for Apple Watch: Series 6, SE, 5/4/3","bling leather band for apple watch: series 6, se, 5/4/3","inactive",1,"2026-04-17 10:01:12"
"Blue Pom Pom with Hanging Topi Toran","blue pom pom with hanging topi toran","inactive",1,"2026-04-17 10:01:12"
"Blue Sky: 1kg Lamb With Bones","blue sky: 1kg lamb with bones","inactive",1,"2026-04-17 10:01:12"
"Bluetooth Call Smart Watch","bluetooth call smart watch","inactive",1,"2026-04-17 10:01:12"
"Bluetooth Dual-Mode Rechargeable Keyboard & Mouse Set","bluetooth dual-mode rechargeable keyboard & mouse set","inactive",1,"2026-04-17 10:01:12"
"Bluetooth Headset","bluetooth headset","inactive",1,"2026-04-17 10:01:12"
"Bluetooth In-Ear Headset","bluetooth in-ear headset","inactive",1,"2026-04-17 10:01:12"
"Bluetooth Sleep Eye Protection Device","bluetooth sleep eye protection device","inactive",1,"2026-04-17 10:01:12"
"Bluetooth Wireless Sports Ultra-long Life Battery Headset","bluetooth wireless sports ultra-long life battery headset","inactive",1,"2026-04-17 10:01:12"
"Blush Urban Decay Hydromaniac Wrecked 15 ml Líquido","blush urban decay hydromaniac wrecked 15 ml líquido","inactive",1,"2026-04-17 10:01:12"
"Board Game Chess Board","board game chess board","inactive",1,"2026-04-17 10:01:12"
"Board Game Tambola","board game tambola","inactive",1,"2026-04-17 10:01:12"
"BOBO BIRD Wooden Men's Watch","bobo bird wooden men's watch","inactive",1,"2026-04-17 10:01:12"
"Body Tattoo A3","body tattoo a3","inactive",1,"2026-04-17 10:01:12"
"Body Tattoo A4","body tattoo a4","inactive",1,"2026-04-17 10:01:12"
"Bolsa Anti-Roubo Wander Plus","bolsa anti-roubo wander plus","inactive",1,"2026-04-17 10:01:12"
"BORWICK’S BICARBONATE OF SODA  – 100g","borwick’s bicarbonate of soda  – 100g","inactive",1,"2026-04-17 10:01:12"
"Boustan Tosya Reis","boustan tosya reis","inactive",1,"2026-04-17 10:01:12"
"Bracelet","bracelet","inactive",1,"2026-04-17 10:01:12"
"Brahmin’s Long Grain Matta Rice 5kg","brahmin’s long grain matta rice 5kg","inactive",1,"2026-04-17 10:01:12"
"Braided Loop Watch Band","braided loop watch band","inactive",1,"2026-04-17 10:01:12"
"Braided Nylon Watch Band","braided nylon watch band","inactive",1,"2026-04-17 10:01:12"
"Braided Solo Loop Nylon Band for Apple Watch Series 3-6 & SE (Sizes: 44mm, 40mm, 38mm, 42mm)","braided solo loop nylon band for apple watch series 3-6 & se (sizes: 44mm, 40mm, 38mm, 42mm)","inactive",1,"2026-04-17 10:01:12"
"Brain Blasterz Bitz XXL - 144g","brain blasterz bitz xxl - 144g","inactive",1,"2026-04-17 10:01:12"
"Brand Luxury Quartz Watch for Men","brand luxury quartz watch for men","inactive",1,"2026-04-17 10:01:12"
"Brandle Vita Rapsol 1Litre","brandle vita rapsol 1litre","inactive",1,"2026-04-17 10:01:12"
"Brasil Gabana Men's Compact Wallet BG117","brasil gabana men's compact wallet bg117","inactive",1,"2026-04-17 10:01:12"
"Brass Aarti Jyot with Long Handle","brass aarti jyot with long handle","inactive",1,"2026-04-17 10:01:12"
"BRASS AGARBATTI STAND – 1Pcs","brass agarbatti stand – 1pcs","inactive",1,"2026-04-17 10:01:12"
"Brass Akhand Diya Jyot - Large Size","brass akhand diya jyot - large size","inactive",1,"2026-04-17 10:01:12"
"Brass Akhand Diya Jyot - Medium Size","brass akhand diya jyot - medium size","inactive",1,"2026-04-17 10:01:12"
"Brass Akhand Diya Jyot - Small Size","brass akhand diya jyot - small size","inactive",1,"2026-04-17 10:01:12"
"Brass Akhand Diya Jyot with Cover","brass akhand diya jyot with cover","inactive",1,"2026-04-17 10:01:12"
"Brass Akhand Diya Jyot with Cover Small","brass akhand diya jyot with cover small","inactive",1,"2026-04-17 10:01:12"
"BRASS AKHAND JYOT DIYA WITH LID – 1Pcs","brass akhand jyot diya with lid – 1pcs","inactive",1,"2026-04-17 10:01:12"
"BRASS FILTER COFFEE MAKER – 1Pcs","brass filter coffee maker – 1pcs","inactive",1,"2026-04-17 10:01:12"
"Brass Home Purifying Incense Burner","brass home purifying incense burner","inactive",1,"2026-04-17 10:01:12"
"Brass Krishna on Jhula","brass krishna on jhula","inactive",1,"2026-04-17 10:01:12"
"Brass Paraat 13cm","brass paraat 13cm","inactive",1,"2026-04-17 10:01:12"
"Brass Paraat 15cm","brass paraat 15cm","inactive",1,"2026-04-17 10:01:12"
"Brass Peacock Fancy Glass","brass peacock fancy glass","inactive",1,"2026-04-17 10:01:12"
"Brass Sarasvati Statue","brass sarasvati statue","inactive",1,"2026-04-17 10:01:12"
"Bronze Vintage Buddha","bronze vintage buddha","inactive",1,"2026-04-17 10:01:12"
"Brown Leather Watch Band","brown leather watch band","inactive",1,"2026-04-17 10:01:12"
"BRUSH powder 1 u","brush powder 1 u","inactive",1,"2026-04-17 10:01:12"
"Brändle Peanut Oil 500ml","brändle peanut oil 500ml","inactive",1,"2026-04-17 10:01:12"
"Bucket Bag","bucket bag","inactive",1,"2026-04-17 10:01:12"
"Bumblebee Leather Backpack","bumblebee leather backpack","inactive",1,"2026-04-17 10:01:12"
"Butterfly Premium Appachatty with Lid with Warranty","butterfly premium appachatty with lid with warranty","inactive",1,"2026-04-17 10:01:12"
"Calia Candlestick Set","calia candlestick set","inactive",1,"2026-04-17 10:01:12"
"Cantu Shea for Natural Hair | Deep Treatment Masque 340g","cantu shea for natural hair | deep treatment masque 340g","inactive",1,"2026-04-17 10:01:12"
"Cantu | Shea Butter | Coconut Curling Cream | Style 340g","cantu | shea butter | coconut curling cream | style 340g","inactive",1,"2026-04-17 10:01:12"
"Cantu | Shea Butter | For Natural Hair | Coil Calm detangler 237ml","cantu | shea butter | for natural hair | coil calm detangler 237ml","inactive",1,"2026-04-17 10:01:12"
"Cantu | Shea Butter | Hair Dressing Pomade 113g","cantu | shea butter | hair dressing pomade 113g","inactive",1,"2026-04-17 10:01:12"
"Cantu | Shea Butter | Moisturizing Curl Activator Cream | For Natural Curls, Coils & Waves | Style 355ml","cantu | shea butter | moisturizing curl activator cream | for natural curls, coils & waves | style 355ml","inactive",1,"2026-04-17 10:01:12"
"Capsule Shape Portable Food Purifier","capsule shape portable food purifier","inactive",1,"2026-04-17 10:01:12"
"Car Foldable Phone Holder","car foldable phone holder","inactive",1,"2026-04-17 10:01:12"
"Car Power Bank Emergency Start Power Supply Inflatable All-in-one Machine 12V","car power bank emergency start power supply inflatable all-in-one machine 12v","inactive",1,"2026-04-17 10:01:12"
"Car Wheel Quartz Watch","car wheel quartz watch","inactive",1,"2026-04-17 10:01:12"
"Carbon Fiber Magnetic Link Band for Apple Watch","carbon fiber magnetic link band for apple watch","inactive",1,"2026-04-17 10:01:12"
"Carbon Fiber Strap For Apple Watch","carbon fiber strap for apple watch","inactive",1,"2026-04-17 10:01:12"
"Carbon Watch Case","carbon watch case","inactive",1,"2026-04-17 10:01:12"
"Carbwallet","carbwallet","inactive",1,"2026-04-17 10:01:12"
"Card & Passport Organizer","card & passport organizer","inactive",1,"2026-04-17 10:01:12"
"Card Holder Wallet","card holder wallet","inactive",1,"2026-04-17 10:01:12"
"CardGuard Leather Phone Case","cardguard leather phone case","inactive",1,"2026-04-17 10:01:12"
"Casio Bumper Watch Accessories - GWG-1000 Wire Cover","casio bumper watch accessories - gwg-1000 wire cover","inactive",1,"2026-04-17 10:01:12"
"Casual Military Square Dial Watch for Men","casual military square dial watch for men","inactive",1,"2026-04-17 10:01:12"
"Casual Stainless Steel Ladies Watch","casual stainless steel ladies watch","inactive",1,"2026-04-17 10:01:12"
"Casual Tote Bag","casual tote bag","inactive",1,"2026-04-17 10:01:12"
"Casual-Style Watch","casual-style watch","inactive",1,"2026-04-17 10:01:12"
"Cat Ears Mouse Pad: 80CM*40CM, Non-Slip, Thicken, Super Cute for Girls","cat ears mouse pad: 80cm*40cm, non-slip, thicken, super cute for girls","inactive",1,"2026-04-17 10:01:12"
"CAVADI (REFINDED CAMPHOR 100 TABLETS) – 1BOX","cavadi (refinded camphor 100 tablets) – 1box","inactive",1,"2026-04-17 10:01:12"
"CENTELLA ASIATICA LEAVES / VALLARAI KEERAI – (1 bunch ~250g)","centella asiatica leaves / vallarai keerai – (1 bunch ~250g)","inactive",1,"2026-04-17 10:01:12"
"Ceramic Electric Hair Brush","ceramic electric hair brush","inactive",1,"2026-04-17 10:01:12"
"Chandan and Rudraksh Rakhi Bracelet","chandan and rudraksh rakhi bracelet","inactive",1,"2026-04-17 10:01:12"
"Charmfixer","charmfixer","inactive",1,"2026-04-17 10:01:12"
"CHEESE NAAN – 1 Pc  WITH NON-VEG COMBO (For 10 Persons)","cheese naan – 1 pc  with non-veg combo (for 10 persons)","inactive",1,"2026-04-17 10:01:12"
"CHEESE NAAN – 1 Pc  WITH VEG COMBO (For 10 Persons)","cheese naan – 1 pc  with veg combo (for 10 persons)","inactive",1,"2026-04-17 10:01:12"
"Chetak- Leather Cricket Ball-Red Colour","chetak- leather cricket ball-red colour","inactive",1,"2026-04-17 10:01:12"
"Chheda’s Aloo Bhujia 150g","chheda’s aloo bhujia 150g","inactive",1,"2026-04-17 10:01:12"
"CHHEDA’S BANANA CHIPS MASALA LONG – 170g","chheda’s banana chips masala long – 170g","inactive",1,"2026-04-17 10:01:12"
"Chick Peas | TRS Chick Peas 500g","chick peas | trs chick peas 500g","inactive",1,"2026-04-17 10:01:12"
"Children's Instant Print 1080P Digital Camera with Paper","children's instant print 1080p digital camera with paper","inactive",1,"2026-04-17 10:01:12"
"Children's Puzzle Toy Birthday Gift","children's puzzle toy birthday gift","inactive",1,"2026-04-17 10:01:12"
"Children's Smart Watch","children's smart watch","inactive",1,"2026-04-17 10:01:12"
"Chili Bund","chili bund","inactive",1,"2026-04-17 10:01:12"
"Chimay Hot Sauce - Habanero Roja (100%) 150ml","chimay hot sauce - habanero roja (100%) 150ml","inactive",1,"2026-04-17 10:01:12"
"Ching's Hakka Noodles Masala 20gm","ching's hakka noodles masala 20gm","inactive",1,"2026-04-17 10:01:12"
"Ching's Schezwan Noodles - Pack of 4","ching's schezwan noodles - pack of 4","inactive",1,"2026-04-17 10:01:12"
"Chings: 20g Masala Veg Manchurian Spice-Mix","chings: 20g masala veg manchurian spice-mix","inactive",1,"2026-04-17 10:01:12"
"Ching’s Schezwan Hot Sauce 250g","ching’s schezwan hot sauce 250g","inactive",1,"2026-04-17 10:01:12"
"Ching’s Schezwan Noodles 60g","ching’s schezwan noodles 60g","inactive",1,"2026-04-17 10:01:12"
"CHING’S SECRET PANEER CHILLI MASALA – 50g","ching’s secret paneer chilli masala – 50g","inactive",1,"2026-04-17 10:01:12"
"CHING’S SECRET SCHEZWAN INSTANT NOODLES – 240g","ching’s secret schezwan instant noodles – 240g","inactive",1,"2026-04-17 10:01:12"
"CHING’S SECRET VEG HAKKA NOODLES – 140g","ching’s secret veg hakka noodles – 140g","inactive",1,"2026-04-17 10:01:12"
"Ching’s Soup Mixed Veg 55g","ching’s soup mixed veg 55g","inactive",1,"2026-04-17 10:01:12"
"Ching’s Soup Tomato 55g","ching’s soup tomato 55g","inactive",1,"2026-04-17 10:01:12"
"Chipiya (num-3)","chipiya (num-3)","inactive",1,"2026-04-17 10:01:12"
"Choya Umeshu Pio Set (3pcs)","choya umeshu pio set (3pcs)","inactive",1,"2026-04-17 10:01:12"
"Chozha’s Thanjavur Ponni Boiled Rice 2x5kg","chozha’s thanjavur ponni boiled rice 2x5kg","inactive",1,"2026-04-17 10:01:12"
"Chozha’s Thanjavur Ponni Boiled Rice 4x5kg","chozha’s thanjavur ponni boiled rice 4x5kg","inactive",1,"2026-04-17 10:01:12"
"Chozha’s Thanjavur Ponni Boiled Rice 5kg","chozha’s thanjavur ponni boiled rice 5kg","inactive",1,"2026-04-17 10:01:12"
"Citizen Promaster Marine Diver Eco-Drive Titanium Dark Green Strap Watch","citizen promaster marine diver eco-drive titanium dark green strap watch","inactive",1,"2026-04-17 10:01:12"
"Classic F1 Sports Car Building Brick","classic f1 sports car building brick","inactive",1,"2026-04-17 10:01:12"
"Classic Pooja Kit | Puja Samagri (Jar) 250g","classic pooja kit | puja samagri (jar) 250g","inactive",1,"2026-04-17 10:01:12"
"Classic Wooden Men's Mechanical Watch","classic wooden men's mechanical watch","inactive",1,"2026-04-17 10:01:12"
"Clay Diya Set of Four - Flower Diya","clay diya set of four - flower diya","inactive",1,"2026-04-17 10:01:12"
"Clay Diya Set of Four - No 3","clay diya set of four - no 3","inactive",1,"2026-04-17 10:01:12"
"Clay Mitti Diya - Pack of 2","clay mitti diya - pack of 2","inactive",1,"2026-04-17 10:01:12"
"Clay Mitti Diya - Pack of 6","clay mitti diya - pack of 6","inactive",1,"2026-04-17 10:01:12"
"Clay or Mitti Kalash Karwa Big","clay or mitti kalash karwa big","inactive",1,"2026-04-17 10:01:12"
"Clay Plain 4-Sided Diya - Pack of 6","clay plain 4-sided diya - pack of 6","inactive",1,"2026-04-17 10:01:12"
"Cock Pad Thai Paste 227gm","cock pad thai paste 227gm","inactive",1,"2026-04-17 10:01:12"
"Cock Palm Sugar 200gm","cock palm sugar 200gm","inactive",1,"2026-04-17 10:01:12"
"Cock Rice Flour 400gm","cock rice flour 400gm","inactive",1,"2026-04-17 10:01:12"
"Cock Rice Noodles (10mm) - XL 375gm","cock rice noodles (10mm) - xl 375gm","inactive",1,"2026-04-17 10:01:12"
"Cock Rice Noodles (3mm) - M 375gm","cock rice noodles (3mm) - m 375gm","inactive",1,"2026-04-17 10:01:12"
"Cock Rice Noodles (5mm) - L 375gm","cock rice noodles (5mm) - l 375gm","inactive",1,"2026-04-17 10:01:12"
"COCK Rice Stick (5mm) - 375g","cock rice stick (5mm) - 375g","inactive",1,"2026-04-17 10:01:12"
"Cock Sweet Chilli Sauce (Chicken) 180ml","cock sweet chilli sauce (chicken) 180ml","inactive",1,"2026-04-17 10:01:12"
"Cock Szechuan Pepper (Fragrant Chilli) 57gm","cock szechuan pepper (fragrant chilli) 57gm","inactive",1,"2026-04-17 10:01:12"
"Cock Tapioca Starch 400gm","cock tapioca starch 400gm","inactive",1,"2026-04-17 10:01:12"
"Cock Tempura Batter Mix 150gm","cock tempura batter mix 150gm","inactive",1,"2026-04-17 10:01:12"
"Cock Tom Kha Kai Paste 227gm","cock tom kha kai paste 227gm","inactive",1,"2026-04-17 10:01:12"
"Cock White Sesame Seeds 227gm","cock white sesame seeds 227gm","inactive",1,"2026-04-17 10:01:12"
"Cock Yellow Curry Paste 50gm","cock yellow curry paste 50gm","inactive",1,"2026-04-17 10:01:12"
"Coconut (without cap)","coconut (without cap)","inactive",1,"2026-04-17 10:01:12"
"Coconut Fresh with hair","coconut fresh with hair","inactive",1,"2026-04-17 10:01:12"
"COCONUT GRATER SCRAPER – 1Pc","coconut grater scraper – 1pc","inactive",1,"2026-04-17 10:01:12"
"COCONUT SCRAPER SLEEKMATE – 1Pcs","coconut scraper sleekmate – 1pcs","inactive",1,"2026-04-17 10:01:12"
"Coconut Shell Food Container Set","coconut shell food container set","inactive",1,"2026-04-17 10:01:12"
"Coconut Whole Brown Fresh","coconut whole brown fresh","inactive",1,"2026-04-17 10:01:12"
"COFFEE","coffee","inactive",1,"2026-04-17 10:01:12"
"Cojo Cojo - Black Currant 320ml","cojo cojo - black currant 320ml","inactive",1,"2026-04-17 10:01:12"
"Cojo Cojo - Lychee 320ml","cojo cojo - lychee 320ml","inactive",1,"2026-04-17 10:01:12"
"Cojo Cojo - Mango 320ml","cojo cojo - mango 320ml","inactive",1,"2026-04-17 10:01:12"
"Cojo Cojo - Melon 320ml","cojo cojo - melon 320ml","inactive",1,"2026-04-17 10:01:12"
"Cold Laser Therapy Watch","cold laser therapy watch","inactive",1,"2026-04-17 10:01:12"
"COLOR THERAPY Farb- und Pflegelack #380-Positivi Tea 14,7 ml","color therapy farb- und pflegelack #380-positivi tea 14,7 ml","inactive",1,"2026-04-17 10:01:12"
"Colorful Lighting Bluetooth Speaker","colorful lighting bluetooth speaker","inactive",1,"2026-04-17 10:01:12"
"Colorful Silk Waves Durag Headwrap","colorful silk waves durag headwrap","inactive",1,"2026-04-17 10:01:12"
"COLORSTAY brow creator #medium brown 1 u","colorstay brow creator #medium brown 1 u","inactive",1,"2026-04-17 10:01:12"
"COMBO PACK | 4 x EVEREST PANEER ~ 250g","combo pack | 4 x everest paneer ~ 250g","inactive",1,"2026-04-17 10:01:12"
"COMBO PACK | 777 NANNARI SYRUP – 750ml + TRS TUKMARIA (BASIL SEEDS) – 100g","combo pack | 777 nannari syrup – 750ml + trs tukmaria (basil seeds) – 100g","inactive",1,"2026-04-17 10:01:12"
"COMBO PACK | 777 NANNARI SYRUP – 750ml x 2 Pcs","combo pack | 777 nannari syrup – 750ml x 2 pcs","inactive",1,"2026-04-17 10:01:12"
"COMBO PACK | 777 ROSE SYRUP (SHARBAT) – 750ml x 2 Pcs","combo pack | 777 rose syrup (sharbat) – 750ml x 2 pcs","inactive",1,"2026-04-17 10:01:12"
"COMBO PACK | AACHI RED CHILLI POWDER – 100g x 3 Pcs","combo pack | aachi red chilli powder – 100g x 3 pcs","inactive",1,"2026-04-17 10:01:12"
"COMBO PACK | AKSHAYA GROUNDNUT BALLS – 100g x 3 Pcs","combo pack | akshaya groundnut balls – 100g x 3 pcs","inactive",1,"2026-04-17 10:01:12"
"COMBO PACK | AKSHAYA PEANUT BAR / BURFI – 100g x 3 Pcs","combo pack | akshaya peanut bar / burfi – 100g x 3 pcs","inactive",1,"2026-04-17 10:01:12"
"COMBO PACK | ANIL FINGER MILLET/RAGI VERMICELLE – 180g x 3 Pcs","combo pack | anil finger millet/ragi vermicelle – 180g x 3 pcs","inactive",1,"2026-04-17 10:01:12"
"COMBO PACK | ANIL RAGI FLOUR – 1Kg x 2 Pcs","combo pack | anil ragi flour – 1kg x 2 pcs","inactive",1,"2026-04-17 10:01:12"
"COMBO PACK | ANIL ROASTED RAVA/SEMOLINA – 1Kg x 3 Pcs","combo pack | anil roasted rava/semolina – 1kg x 3 pcs","inactive",1,"2026-04-17 10:01:12"
"COMBO PACK | ANNACHI COLD PRESSED SESAME/GINGELLY OIL – 1Ltr x 2 Pcs","combo pack | annachi cold pressed sesame/gingelly oil – 1ltr x 2 pcs","inactive",1,"2026-04-17 10:01:12"
"COMBO PACK | ANNACHI COLD PRESSED SESAME/GINGELLY OIL – 500ml x 2 Pcs","combo pack | annachi cold pressed sesame/gingelly oil – 500ml x 2 pcs","inactive",1,"2026-04-17 10:01:12"
"COMBO PACK | ANNACHI COLD PRESSED SESAME/GINGELLY OIL – 500ml x 3 Pcs","combo pack | annachi cold pressed sesame/gingelly oil – 500ml x 3 pcs","inactive",1,"2026-04-17 10:01:12"
"COMBO PACK | ANNACHI TOOR DAL – 1Kg x 3Pcs","combo pack | annachi toor dal – 1kg x 3pcs","inactive",1,"2026-04-17 10:01:12"
"COMBO PACK | BRITANNIA GOOD DAY PISTA ALMOND – 75g x 5 Pcs","combo pack | britannia good day pista almond – 75g x 5 pcs","inactive",1,"2026-04-17 10:01:12"
"COMBO PACK | BRITANNIA MARIE GOLD TEA TIME BISCUIT – 154g x 4 Pcs","combo pack | britannia marie gold tea time biscuit – 154g x 4 pcs","inactive",1,"2026-04-17 10:01:12"
"COMBO PACK | DIYA MULTI COLOURS LAMP – 4Pcs + LAKSHMI ROUND YELLOW DIYA BATTI (60pcs) – 1 POUCH","combo pack | diya multi colours lamp – 4pcs + lakshmi round yellow diya batti (60pcs) – 1 pouch","inactive",1,"2026-04-17 10:01:12"
"COMBO PACK | FINESSE SESAME CAKE – 200g x 3 Pcs","combo pack | finesse sesame cake – 200g x 3 pcs","inactive",1,"2026-04-17 10:01:12"
"COMBO PACK | HALDIRAM BHUJIA – 200g x 2 Pcs","combo pack | haldiram bhujia – 200g x 2 pcs","inactive",1,"2026-04-17 10:01:12"
"COMBO PACK | HALDIRAM BHUJIA – 200g x 5","combo pack | haldiram bhujia – 200g x 5","inactive",1,"2026-04-17 10:01:12"
"COMBO PACK | HALDIRAM SOAN PAPDI CLASSIC (VEG OIL) – 250g x 2 Pcs","combo pack | haldiram soan papdi classic (veg oil) – 250g x 2 pcs","inactive",1,"2026-04-17 10:01:12"
"COMBO PACK | LAKSHMI PURE COW GHEE DIYA YELLOW (100 Pcs) – 1Box + LAKSHMI PURE COW GHEE DIYA WHITE (100 Pcs) – 1Box","combo pack | lakshmi pure cow ghee diya yellow (100 pcs) – 1box + lakshmi pure cow ghee diya white (100 pcs) – 1box","inactive",1,"2026-04-17 10:01:12"
"COMBO PACK | LAL QILLA MAJESTIC EXTRA LONG GRAIN BASMATI RICE (1121) – 1Kg + SAKTHI BIRYANI MASALA – 200g","combo pack | lal qilla majestic extra long grain basmati rice (1121) – 1kg + sakthi biryani masala – 200g","inactive",1,"2026-04-17 10:01:12"
"COMBO PACK | LAL QILLA MAJESTIC EXTRA LONG GRAIN BASMATI RICE (1121) – 1Kg x 3 Pcs","combo pack | lal qilla majestic extra long grain basmati rice (1121) – 1kg x 3 pcs","inactive",1,"2026-04-17 10:01:12"
"COMBO PACK | LAYS MAGIC MASALA – 52g x 5 Pcs","combo pack | lays magic masala – 52g x 5 pcs","inactive",1,"2026-04-17 10:01:12"
"COMBO PACK | MAGGI NOODLES MASALA (70g) x 12Pcs","combo pack | maggi noodles masala (70g) x 12pcs","inactive",1,"2026-04-17 10:01:12"
"COMBO PACK | MAGGI NOODLES MASALA (70g) x 24Pcs","combo pack | maggi noodles masala (70g) x 24pcs","inactive",1,"2026-04-17 10:01:12"
"COMBO PACK | MAGGI NOODLES MASALA (70g) x 96Pcs","combo pack | maggi noodles masala (70g) x 96pcs","inactive",1,"2026-04-17 10:01:12"
"COMBO PACK | MAGGI NOODLES MASALA FAMILY PACK – 560g x 3 Pcs","combo pack | maggi noodles masala family pack – 560g x 3 pcs","inactive",1,"2026-04-17 10:01:12"
"COMBO PACK | MALIBAN GOLD MARIE BISCUITS – 150g x 3 Pcs","combo pack | maliban gold marie biscuits – 150g x 3 pcs","inactive",1,"2026-04-17 10:01:12"
"COMBO PACK | MALIBAN LEMON PUFF BISCUIT – 200g x 3 Pcs","combo pack | maliban lemon puff biscuit – 200g x 3 pcs","inactive",1,"2026-04-17 10:01:12"
"COMBO PACK | MANIMARK PEANUT BAR – 100g x 3 Pcs","combo pack | manimark peanut bar – 100g x 3 pcs","inactive",1,"2026-04-17 10:01:12"
"COMBO PACK | MANIMARK PEANUT BURFI – 135g x 5 Pcs","combo pack | manimark peanut burfi – 135g x 5 pcs","inactive",1,"2026-04-17 10:01:12"
"COMBO PACK | PARLE HIDE AND SEEK – 82.5g x 3 Pcs","combo pack | parle hide and seek – 82.5g x 3 pcs","inactive",1,"2026-04-17 10:01:12"
"COMBO PACK | PARLE-G GOLD COOKIES – 100g x 5 Pcs","combo pack | parle-g gold cookies – 100g x 5 pcs","inactive",1,"2026-04-17 10:01:12"
"COMBO PACK | PERFIT DRIED ANCHOVY – 100g x 3 Pcs","combo pack | perfit dried anchovy – 100g x 3 pcs","inactive",1,"2026-04-17 10:01:12"
"COMBO PACK | POPULAR APPALAM (PAPAD) – 100g x 3Pcs","combo pack | popular appalam (papad) – 100g x 3pcs","inactive",1,"2026-04-17 10:01:12"
"COMBO PACK | ROOHAFZA SHARBAT (HAMDARD PAKISTAN) ROSE – 800ml + ALI BABA GOOND KATIRA – 100g","combo pack | roohafza sharbat (hamdard pakistan) rose – 800ml + ali baba goond katira – 100g","inactive",1,"2026-04-17 10:01:12"
"COMBO PACK | SAMAYAL SESAME/GINGELLY OIL – 750ml x 2 Pcs","combo pack | samayal sesame/gingelly oil – 750ml x 2 pcs","inactive",1,"2026-04-17 10:01:12"
"COMBO PACK | TONY’S DELIGHT BLUE SWIMMING CUT CRAB – 1Kg [FZN] x 3 Pcs","combo pack | tony’s delight blue swimming cut crab – 1kg [fzn] x 3 pcs","inactive",1,"2026-04-17 10:01:12"
"COMBO PACK | UDHAIYAM  FRIED GRAM – 500g x 3 Pcs","combo pack | udhaiyam  fried gram – 500g x 3 pcs","inactive",1,"2026-04-17 10:01:12"
"COMBO PACK | UDHAIYAM APPALAM CHIPS (APPALAPOO) – 100g x 3 Pcs","combo pack | udhaiyam appalam chips (appalapoo) – 100g x 3 pcs","inactive",1,"2026-04-17 10:01:12"
"COMBO PACK | UDHAIYAM CHANA DAL – 1Kg x 3Pcs","combo pack | udhaiyam chana dal – 1kg x 3pcs","inactive",1,"2026-04-17 10:01:12"
"COMBO PACK | UDHAIYAM TOOR DAL PLAIN – 1Kg x 3 Pcs","combo pack | udhaiyam toor dal plain – 1kg x 3 pcs","inactive",1,"2026-04-17 10:01:12"
"Comfortable Breathable Stretch Cartoon Men's Boxer Shorts","comfortable breathable stretch cartoon men's boxer shorts","inactive",1,"2026-04-17 10:01:12"
"Comic Painting Marker Pen","comic painting marker pen","inactive",1,"2026-04-17 10:01:12"
"Compact Folding Camping Light","compact folding camping light","inactive",1,"2026-04-17 10:01:12"
"Compact Powder - Certified Organic","compact powder - certified organic","inactive",1,"2026-04-17 10:01:12"
"Compatible with Apple Mobile Phone Mini Flexible Octopus Tripod Stand","compatible with apple mobile phone mini flexible octopus tripod stand","inactive",1,"2026-04-17 10:01:12"
"Conjunto de Maquilhagem Barbie 7 Peças","conjunto de maquilhagem barbie 7 peças","inactive",1,"2026-04-17 10:01:12"
"Conjunto de Maquilhagem QVS (6 pcs)","conjunto de maquilhagem qvs (6 pcs)","inactive",1,"2026-04-17 10:01:12"
"Contorno dos Olhos Neostrata Skin Active 15 ml","contorno dos olhos neostrata skin active 15 ml","inactive",1,"2026-04-17 10:01:12"
"CONTOUR CLUBBING wasserfester Eyeliner #050-Loving Green 1,2 gr","contour clubbing wasserfester eyeliner #050-loving green 1,2 gr","inactive",1,"2026-04-17 10:01:12"
"Controller Pack Expansion Memory Card","controller pack expansion memory card","inactive",1,"2026-04-17 10:01:12"
"Corretor Compacto Sensilis Photocorrection [Make Up]	 Nº 03 Spf 50 10 g","corretor compacto sensilis photocorrection [make up]	 nº 03 spf 50 10 g","inactive",1,"2026-04-17 10:01:12"
"CosCase®","coscase®","inactive",1,"2026-04-17 10:01:12"
"Cosmoveda Chana Dal Masala | bio | 80g","cosmoveda chana dal masala | bio | 80g","inactive",1,"2026-04-17 10:01:12"
"Cosmoveda Tandoori Masala | bio | 90g","cosmoveda tandoori masala | bio | 90g","inactive",1,"2026-04-17 10:01:12"
"Cosmoveda | Bio Basilikum | Gerebelt 30g","cosmoveda | bio basilikum | gerebelt 30g","inactive",1,"2026-04-17 10:01:12"
"Cosmoveda | Bio Brahmi Churna | 80g","cosmoveda | bio brahmi churna | 80g","inactive",1,"2026-04-17 10:01:12"
"Cosmoveda | Bio Chilli | gemahlen 80g","cosmoveda | bio chilli | gemahlen 80g","inactive",1,"2026-04-17 10:01:12"
"Cosmoveda | Bio Curcuma gemahlen | 100g","cosmoveda | bio curcuma gemahlen | 100g","inactive",1,"2026-04-17 10:01:12"
"Cosmoveda | Bio Garam Masala 25g","cosmoveda | bio garam masala 25g","inactive",1,"2026-04-17 10:01:12"
"Cosmoveda | Bio Gokshura Churna | 80g","cosmoveda | bio gokshura churna | 80g","inactive",1,"2026-04-17 10:01:12"
"Cosmoveda | Bio Guduchi Churna | 80g","cosmoveda | bio guduchi churna | 80g","inactive",1,"2026-04-17 10:01:12"
"Cosmoveda | bio Knoblauch gemahlen | 30g","cosmoveda | bio knoblauch gemahlen | 30g","inactive",1,"2026-04-17 10:01:12"
"Cosmoveda | Bio Kümmel | Ganz 90g","cosmoveda | bio kümmel | ganz 90g","inactive",1,"2026-04-17 10:01:12"
"Cosmoveda | Bio Mandu Kaparni  | 70g","cosmoveda | bio mandu kaparni  | 70g","inactive",1,"2026-04-17 10:01:12"
"Cosmoveda | Bio Moringa | 80g","cosmoveda | bio moringa | 80g","inactive",1,"2026-04-17 10:01:12"
"Cosmoveda | Bio Papaya Chutney| 225g","cosmoveda | bio papaya chutney| 225g","inactive",1,"2026-04-17 10:01:12"
"Cosmoveda | Bio Pfeffer | Schwarz gemahlen 80g","cosmoveda | bio pfeffer | schwarz gemahlen 80g","inactive",1,"2026-04-17 10:01:12"
"Cosmoveda | Bio Rosmarin | Geschnitten 90g","cosmoveda | bio rosmarin | geschnitten 90g","inactive",1,"2026-04-17 10:01:12"
"Cosmoveda | Bio Senfsamen Schwarz | Ganz 45g","cosmoveda | bio senfsamen schwarz | ganz 45g","inactive",1,"2026-04-17 10:01:12"
"Cosmoveda | Bio Tikka Curry Masala 25g","cosmoveda | bio tikka curry masala 25g","inactive",1,"2026-04-17 10:01:12"
"Cosmoveda | Bio Tulsi Churna | 80g","cosmoveda | bio tulsi churna | 80g","inactive",1,"2026-04-17 10:01:12"
"Cosmoveda | Cassia Zimt bio | gemahlen 30g","cosmoveda | cassia zimt bio | gemahlen 30g","inactive",1,"2026-04-17 10:01:12"
"Cosmoveda | Cocos Ghee | Kokos und Butterfett | bio 150g","cosmoveda | cocos ghee | kokos und butterfett | bio 150g","inactive",1,"2026-04-17 10:01:12"
"Cosmoveda | Curry Masala bio 30g","cosmoveda | curry masala bio 30g","inactive",1,"2026-04-17 10:01:12"
"Cosmoveda | Ingwer gemahlen | 30g","cosmoveda | ingwer gemahlen | 30g","inactive",1,"2026-04-17 10:01:12"
"Cosmoveda | Kokos Limetten Chutney | bio 225g","cosmoveda | kokos limetten chutney | bio 225g","inactive",1,"2026-04-17 10:01:12"
"Cosmoveda | Mild Goa Curry Paste | bio 175g","cosmoveda | mild goa curry paste | bio 175g","inactive",1,"2026-04-17 10:01:12"
"Cosmoveda | Paprika rot edelsuess gemahlen | 30g","cosmoveda | paprika rot edelsuess gemahlen | 30g","inactive",1,"2026-04-17 10:01:12"
"Cosmoveda | Tamarinden Paste | bio 225g | For Currys, Dal and Chutneys","cosmoveda | tamarinden paste | bio 225g | for currys, dal and chutneys","inactive",1,"2026-04-17 10:01:12"
"Cosmoveda | Tikka Curry Paste | bio 225g","cosmoveda | tikka curry paste | bio 225g","inactive",1,"2026-04-17 10:01:12"
"Cosmovedia | Bio Chai | Masala Hot 70g","cosmovedia | bio chai | masala hot 70g","inactive",1,"2026-04-17 10:01:12"
"Cosmovedia | Bio Dillkraut | Geschnitten 90g","cosmovedia | bio dillkraut | geschnitten 90g","inactive",1,"2026-04-17 10:01:12"
"Cosmovedia | Bio Majoran | Gerebelt 90g","cosmovedia | bio majoran | gerebelt 90g","inactive",1,"2026-04-17 10:01:12"
"Cotton Garland 21 Moti ( Malwastra Cotton)","cotton garland 21 moti ( malwastra cotton)","inactive",1,"2026-04-17 10:01:12"
"Cotton Wicks | Jyot batti | Vilakku Thiri 100 Pcs","cotton wicks | jyot batti | vilakku thiri 100 pcs","inactive",1,"2026-04-17 10:01:12"
"Cozy Neck Oasis: Smart Massager","cozy neck oasis: smart massager","inactive",1,"2026-04-17 10:01:12"
"Crafted Crochet Sunflower","crafted crochet sunflower","inactive",1,"2026-04-17 10:01:12"
"CRAYON lèvres #05-roseberry","crayon lèvres #05-roseberry","inactive",1,"2026-04-17 10:01:12"
"Cream Colour Pearls Garland Moti Mala","cream colour pearls garland moti mala","inactive",1,"2026-04-17 10:01:12"
"Creative Garage Brick Building Blocks","creative garage brick building blocks","inactive",1,"2026-04-17 10:01:12"
"Creative Men's Watch with USB Charging Lighter","creative men's watch with usb charging lighter","inactive",1,"2026-04-17 10:01:12"
"Creative Painting Desk Night Light","creative painting desk night light","inactive",1,"2026-04-17 10:01:12"
"Creative Quartz Watch","creative quartz watch","inactive",1,"2026-04-17 10:01:12"
"Creative Resin Sculpture","creative resin sculpture","inactive",1,"2026-04-17 10:01:12"
"Creative Women's Watch in Purple and Brown Colors","creative women's watch in purple and brown colors","inactive",1,"2026-04-17 10:01:12"
"Credit Card Holder Vintage Leather Bank Card Wallet","credit card holder vintage leather bank card wallet","inactive",1,"2026-04-17 10:01:12"
"Crocodile Pattern PU Leather Women's Shoulder Bag","crocodile pattern pu leather women's shoulder bag","inactive",1,"2026-04-17 10:01:12"
"Crossbody Purse Bags","crossbody purse bags","inactive",1,"2026-04-17 10:01:12"
"Crown /Ashoka Frozen Curry Leaves 100gm (Delivery in Berlin)","crown /ashoka frozen curry leaves 100gm (delivery in berlin)","inactive",1,"2026-04-17 10:01:12"
"Crown Frozen Plain Paratha Family- 20 (Deliver only Berlin)","crown frozen plain paratha family- 20 (deliver only berlin)","inactive",1,"2026-04-17 10:01:12"
"Crown Frozen Punjabi Samosa - Ovenable (Deliver only Berlin)","crown frozen punjabi samosa - ovenable (deliver only berlin)","inactive",1,"2026-04-17 10:01:12"
"Crown Frozen Shami Kebab Chicken (Delivery in Berlin)","crown frozen shami kebab chicken (delivery in berlin)","inactive",1,"2026-04-17 10:01:12"
"CRRJU Men's Multifunctional Stainless Steel Watch","crrju men's multifunctional stainless steel watch","inactive",1,"2026-04-17 10:01:12"
"CRTORRS Smart Watch","crtorrs smart watch","inactive",1,"2026-04-17 10:01:12"
"Crystal Christmas Tree Kit","crystal christmas tree kit","inactive",1,"2026-04-17 10:01:12"
"Cuffie Wireless/Cablate Originali","cuffie wireless/cablate originali","inactive",1,"2026-04-17 10:01:12"
"CURREN Men Quartz Watch Top Brand","curren men quartz watch top brand","inactive",1,"2026-04-17 10:01:12"
"Curren Women's Waterproof Quartz Watch with Steel Band","curren women's waterproof quartz watch with steel band","inactive",1,"2026-04-17 10:01:12"
"Custom Luminous Quartz Watch with Steel Waterproof Design","custom luminous quartz watch with steel waterproof design","inactive",1,"2026-04-17 10:01:12"
"Custom Pet Portrait Stamper","custom pet portrait stamper","inactive",1,"2026-04-17 10:01:12"
"Cute Animal Crochet Kit","cute animal crochet kit","inactive",1,"2026-04-17 10:01:12"
"Cute Cartoon Leak-Proof Water Bottle With Rope White Panda","cute cartoon leak-proof water bottle with rope white panda","inactive",1,"2026-04-17 10:01:12"
"Cute Duck Plush Toys for Children","cute duck plush toys for children","inactive",1,"2026-04-17 10:01:12"
"Cute Heart Shaped Design Purse","cute heart shaped design purse","inactive",1,"2026-04-17 10:01:12"
"CUTLET","cutlet","inactive",1,"2026-04-17 10:01:12"
"Cycle Sandalum Agarbathi | Incense Sticks 85g (With Free Match Box)","cycle sandalum agarbathi | incense sticks 85g (with free match box)","inactive",1,"2026-04-17 10:01:12"
"Dabur Hajmola Anardana","dabur hajmola anardana","inactive",1,"2026-04-17 10:01:12"
"Daily Delight Medhu Vada | Uzhunnu Vada | Ulundhu Vadai (With Chutney) 300g - Frozen","daily delight medhu vada | uzhunnu vada | ulundhu vadai (with chutney) 300g - frozen","inactive",1,"2026-04-17 10:01:12"
"Daily Delight Sliced Tapioca | Kappa 908g","daily delight sliced tapioca | kappa 908g","inactive",1,"2026-04-17 10:01:12"
"Daily Delight Yam | Suran | Chena (Diced) 400g","daily delight yam | suran | chena (diced) 400g","inactive",1,"2026-04-17 10:01:12"
"Daily Delights Plum Magic","daily delights plum magic","inactive",1,"2026-04-17 10:01:12"
"Dainty Gold/Silver Watch","dainty gold/silver watch","inactive",1,"2026-04-17 10:01:12"
"Decorated Bamboo Supdi / Soop (1pc)","decorated bamboo supdi / soop (1pc)","inactive",1,"2026-04-17 10:01:12"
"Deep Haldar Turmeric Root Pickle-283g","deep haldar turmeric root pickle-283g","inactive",1,"2026-04-17 10:01:12"
"deep | Nankhatai | Crispy Golden Biscuits 400g","deep | nankhatai | crispy golden biscuits 400g","inactive",1,"2026-04-17 10:01:12"
"Deepan Puttu Kudam - Stainless Steel Small","deepan puttu kudam - stainless steel small","inactive",1,"2026-04-17 10:01:12"
"Deluxe Wristwatch","deluxe wristwatch","inactive",1,"2026-04-17 10:01:12"
"Dermatograf pentru Sprâncene Brow Filler Artdeco Eyebrow Filler (1,1 ml) 1,1 ml","dermatograf pentru sprâncene brow filler artdeco eyebrow filler (1,1 ml) 1,1 ml","inactive",1,"2026-04-17 10:01:12"
"Designer Leather Handbag","designer leather handbag","inactive",1,"2026-04-17 10:01:12"
"Desk Sidekick™","desk sidekick™","inactive",1,"2026-04-17 10:01:12"
"DETTOL ORIGINAL GERM PROTECTION SOAP – 150g","dettol original germ protection soap – 150g","inactive",1,"2026-04-17 10:01:12"
"DIAMANTAUGEN LOT 3 Stk","diamantaugen lot 3 stk","inactive",1,"2026-04-17 10:01:12"
"Diamond Bambus Streifen 227gm","diamond bambus streifen 227gm","inactive",1,"2026-04-17 10:01:12"
"Diamond Band Watch","diamond band watch","inactive",1,"2026-04-17 10:01:12"
"Diamond Crystals Watch and Bracelet Set","diamond crystals watch and bracelet set","inactive",1,"2026-04-17 10:01:12"
"DIAMOND STAINLESS STEEL PUTTU MAKER","diamond stainless steel puttu maker","inactive",1,"2026-04-17 10:01:12"
"Digital Bracelet Fitness Tracker Tracker Heart Rate Smart Watch","digital bracelet fitness tracker tracker heart rate smart watch","inactive",1,"2026-04-17 10:01:12"
"Digital Display Bluetooth Headset","digital display bluetooth headset","inactive",1,"2026-04-17 10:01:12"
"Digital Lava Wrist Watch","digital lava wrist watch","inactive",1,"2026-04-17 10:01:12"
"Digital Lava Wristwatch for Men","digital lava wristwatch for men","inactive",1,"2026-04-17 10:01:12"
"Digital Oil Painting, Handmade Art Decor","digital oil painting, handmade art decor","inactive",1,"2026-04-17 10:01:12"
"Digital Smart Watch","digital smart watch","inactive",1,"2026-04-17 10:01:12"
"Digital Sports Watch","digital sports watch","inactive",1,"2026-04-17 10:01:12"
"Disney Electronic LED Bracelet Watches","disney electronic led bracelet watches","inactive",1,"2026-04-17 10:01:12"
"Disney Mickey & Minnie Letter Accent Diaper Bag","disney mickey & minnie letter accent diaper bag","inactive",1,"2026-04-17 10:01:12"
"Do Ghazal 500g Original Earl Grey Tea loose","do ghazal 500g original earl grey tea loose","inactive",1,"2026-04-17 10:01:12"
"Do Ghazal Tea Ceylon Caradmom 100Bags","do ghazal tea ceylon caradmom 100bags","inactive",1,"2026-04-17 10:01:12"
"Do Ghazal Tea Ceylon Cardamom 500g (Beutel)","do ghazal tea ceylon cardamom 500g (beutel)","inactive",1,"2026-04-17 10:01:12"
"Do Ghazal Tea Earl Gray 100 Bags","do ghazal tea earl gray 100 bags","inactive",1,"2026-04-17 10:01:12"
"Do Ghazal Tea Earl Grey 500g (Beutel)","do ghazal tea earl grey 500g (beutel)","inactive",1,"2026-04-17 10:01:12"
"Do Ghazal Tea Green 100 Bags","do ghazal tea green 100 bags","inactive",1,"2026-04-17 10:01:12"
"Do Ghazal Tea Pure Ceylon Tea 100 Bags","do ghazal tea pure ceylon tea 100 bags","inactive",1,"2026-04-17 10:01:12"
"Do Ghazal Tea Pure Ceylon Tea 500g (Beutel)","do ghazal tea pure ceylon tea 500g (beutel)","inactive",1,"2026-04-17 10:01:12"
"Do Ghazal Tea Pure green Leaf 500g (Beutel)","do ghazal tea pure green leaf 500g (beutel)","inactive",1,"2026-04-17 10:01:12"
"Dragon and Phoenix Couple Mechanical Watches (Automatic)","dragon and phoenix couple mechanical watches (automatic)","inactive",1,"2026-04-17 10:01:12"
"Dry Lime Leaves 25gm","dry lime leaves 25gm","inactive",1,"2026-04-17 10:01:12"
"Dry Pistazien 10g","dry pistazien 10g","inactive",1,"2026-04-17 10:01:12"
"Dry Pistazien Premium 10g","dry pistazien premium 10g","inactive",1,"2026-04-17 10:01:12"
"DS Cricket Bat - Tennis Ball","ds cricket bat - tennis ball","inactive",1,"2026-04-17 10:01:12"
"Dual Stage TPE Foam Wheel Tires","dual stage tpe foam wheel tires","inactive",1,"2026-04-17 10:01:12"
"Dual USB & Type-C Digital Display Phone Charger","dual usb & type-c digital display phone charger","inactive",1,"2026-04-17 10:01:12"
"E7S Wireless Mini In-Ear Bluetooth Sports Headset","e7s wireless mini in-ear bluetooth sports headset","inactive",1,"2026-04-17 10:01:12"
"Eastern Chicken Masala 160g","eastern chicken masala 160g","inactive",1,"2026-04-17 10:01:12"
"EASTERN COCONUT CHUTNEY POWDER – 200g","eastern coconut chutney powder – 200g","inactive",1,"2026-04-17 10:01:12"
"Eastern Coriander / Dhania Whole 100g","eastern coriander / dhania whole 100g","inactive",1,"2026-04-17 10:01:12"
"EASTERN IDLI/IDLY MIX – 1Kg","eastern idli/idly mix – 1kg","inactive",1,"2026-04-17 10:01:12"
"Eastern Palappam Podi / Flour 1kg","eastern palappam podi / flour 1kg","inactive",1,"2026-04-17 10:01:12"
"Eastern Puttu Podi white 1kg","eastern puttu podi white 1kg","inactive",1,"2026-04-17 10:01:12"
"Eastern Red Chilli Hottest Whole 100g","eastern red chilli hottest whole 100g","inactive",1,"2026-04-17 10:01:12"
"EASTERN RICE POWDER / FLOUR- 1Kg","eastern rice powder / flour- 1kg","inactive",1,"2026-04-17 10:01:12"
"ECG + PPG Men's Smart Watch","ecg + ppg men's smart watch","inactive",1,"2026-04-17 10:01:12"
"Eco Friendly Ganesha Choranga Double Load Ganesha 10""","eco friendly ganesha choranga double load ganesha 10""","inactive",1,"2026-04-17 10:01:12"
"Eco Friendly Ganesha Jaswant Chaturbhuj or Shadu Mati Ganpati 10""","eco friendly ganesha jaswant chaturbhuj or shadu mati ganpati 10""","inactive",1,"2026-04-17 10:01:12"
"Eco Friendly Ganesha Lal Bagh Raja or Shadu Mati Ganesha 8""","eco friendly ganesha lal bagh raja or shadu mati ganesha 8""","inactive",1,"2026-04-17 10:01:12"
"Eco Friendly Ganesha Tilak Pheta Purple Double Load  or Shadu Mati Ganesha 11","eco friendly ganesha tilak pheta purple double load  or shadu mati ganesha 11","inactive",1,"2026-04-17 10:01:12"
"Eco Friendly Ganesha White or Shadu Mati Ganesha 8""","eco friendly ganesha white or shadu mati ganesha 8""","inactive",1,"2026-04-17 10:01:12"
"Eco Friendly Jaswant Phool Ganpati or Shadu Mitti Jaswant Phool Ganesh Idol  7""","eco friendly jaswant phool ganpati or shadu mitti jaswant phool ganesh idol  7""","inactive",1,"2026-04-17 10:01:12"
"Eco Friendly Neelkanth Ganesha '10""","eco friendly neelkanth ganesha '10""","inactive",1,"2026-04-17 10:01:12"
"Eco Friendly Swami Samartha Ganesha or Shadu Mati Ganpati 6""","eco friendly swami samartha ganesha or shadu mati ganpati 6""","inactive",1,"2026-04-17 10:01:12"
"Eco-Egg Laundry Egg Original - 144 Washes","eco-egg laundry egg original - 144 washes","inactive",1,"2026-04-17 10:01:12"
"Eco-Egg Laundry Egg With Floral Scent - 144 Washes","eco-egg laundry egg with floral scent - 144 washes","inactive",1,"2026-04-17 10:01:12"
"Efficient Mousetrap","efficient mousetrap","inactive",1,"2026-04-17 10:01:12"
"EFP Goat Meat 1kg","efp goat meat 1kg","inactive",1,"2026-04-17 10:01:12"
"EGYPT GUAVA ~ (400g-500g)","egypt guava ~ (400g-500g)","inactive",1,"2026-04-17 10:01:12"
"EKANI HERBAL BATH POWDER (NALANGU MAVU) – 100g","ekani herbal bath powder (nalangu mavu) – 100g","inactive",1,"2026-04-17 10:01:12"
"EKANI PURE HIMALAYAN GARLIC – 200g","ekani pure himalayan garlic – 200g","inactive",1,"2026-04-17 10:01:12"
"Ekmukhi Panchmukhi Hanuman Chalisa","ekmukhi panchmukhi hanuman chalisa","inactive",1,"2026-04-17 10:01:12"
"El Nabil Musc Black Parfum Öl mit Roll-On-Applikator 5 ml","el nabil musc black parfum Öl mit roll-on-applikator 5 ml","inactive",1,"2026-04-17 10:01:12"
"Electric Automatic Nail Clippers","electric automatic nail clippers","inactive",1,"2026-04-17 10:01:12"
"Electric Bottle Shaker Cup","electric bottle shaker cup","inactive",1,"2026-04-17 10:01:12"
"Electric Coconut Scrapper (100 Watts) Stainless Steel Blade (EUROMAX)","electric coconut scrapper (100 watts) stainless steel blade (euromax)","inactive",1,"2026-04-17 10:01:12"
"Electric Foot Callus Remover","electric foot callus remover","inactive",1,"2026-04-17 10:01:12"
"Electric Hair Clipper Set – 6-in-1","electric hair clipper set – 6-in-1","inactive",1,"2026-04-17 10:01:12"
"Electric Mini Heater Socket Type","electric mini heater socket type","inactive",1,"2026-04-17 10:01:12"
"Electric Multifunctional Silicone Face Cleansing Brush Magnetic Charging","electric multifunctional silicone face cleansing brush magnetic charging","inactive",1,"2026-04-17 10:01:12"
"Electric Muscle Stimulator Fitness Massager","electric muscle stimulator fitness massager","inactive",1,"2026-04-17 10:01:12"
"Electric Paint Spray Gun","electric paint spray gun","inactive",1,"2026-04-17 10:01:12"
"Electric USB Mosquito Killer Lamp","electric usb mosquito killer lamp","inactive",1,"2026-04-17 10:01:12"
"Electronic Foot Callus Remover","electronic foot callus remover","inactive",1,"2026-04-17 10:01:12"
"Electronic Piggy Bank ATM Mini Money Box","electronic piggy bank atm mini money box","inactive",1,"2026-04-17 10:01:12"
"Electroplated Three-dimensional Bow Headphone Case","electroplated three-dimensional bow headphone case","inactive",1,"2026-04-17 10:01:12"
"Elefant Atta Normal","elefant atta normal","inactive",1,"2026-04-17 10:01:12"
"Elegant Leather Band Watches","elegant leather band watches","inactive",1,"2026-04-17 10:01:12"
"Elegant Small Dial Watch for Women","elegant small dial watch for women","inactive",1,"2026-04-17 10:01:12"
"Elegant Watch","elegant watch","inactive",1,"2026-04-17 10:01:12"
"Elegant Women Watch","elegant women watch","inactive",1,"2026-04-17 10:01:12"
"Elegant Women's Bag Set - Fashionable PU Leather","elegant women's bag set - fashionable pu leather","inactive",1,"2026-04-17 10:01:12"
"Embroidery Messenger Bag","embroidery messenger bag","inactive",1,"2026-04-17 10:01:12"
"EMS Facial Toner Gel and Device","ems facial toner gel and device","inactive",1,"2026-04-17 10:01:12"
"Encona HP Hot Pepper Salice 142ml","encona hp hot pepper salice 142ml","inactive",1,"2026-04-17 10:01:12"
"Encona Louisiana Cajun Hot Sauce - 142ml","encona louisiana cajun hot sauce - 142ml","inactive",1,"2026-04-17 10:01:12"
"Engraved Wooden Love Couple Keychain","engraved wooden love couple keychain","inactive",1,"2026-04-17 10:01:12"
"Erasable Access Control IC Card","erasable access control ic card","inactive",1,"2026-04-17 10:01:12"
"Espido Dowlat Iran black tea 100bags","espido dowlat iran black tea 100bags","inactive",1,"2026-04-17 10:01:12"
"Espido Dowlat Iran Black Tea 500G","espido dowlat iran black tea 500g","inactive",1,"2026-04-17 10:01:12"
"EU Recycle Deposit - EU Deposit","eu recycle deposit - eu deposit","inactive",1,"2026-04-17 10:01:12"
"European Resin Mini Bust Sculpture: Abstract Art for Home Decoration","european resin mini bust sculpture: abstract art for home decoration","inactive",1,"2026-04-17 10:01:12"
"Everest: 100g Jal Jeera","everest: 100g jal jeera","inactive",1,"2026-04-17 10:01:12"
"Evita Repair Care Conditioner - 200ml","evita repair care conditioner - 200ml","inactive",1,"2026-04-17 10:01:12"
"Exclusive Cusion Cover","exclusive cusion cover","inactive",1,"2026-04-17 10:01:12"
"Exeter Corned Beef - 340g","exeter corned beef - 340g","inactive",1,"2026-04-17 10:01:12"
"Extra Bracelet Elite Watch","extra bracelet elite watch","inactive",1,"2026-04-17 10:01:12"
"EYE BROW pencil #6-medium grey brown","eye brow pencil #6-medium grey brown","inactive",1,"2026-04-17 10:01:12"
"Eye Pillow Relax - 22 x 10 cm","eye pillow relax - 22 x 10 cm","inactive",1,"2026-04-17 10:01:12"
"EYEDENTITY palette #001-be honest","eyedentity palette #001-be honest","inactive",1,"2026-04-17 10:01:12"
"Eyeliner Epic Wear Waterproof NYX","eyeliner epic wear waterproof nyx","inactive",1,"2026-04-17 10:01:12"
"Eyeliner L'Oreal Make Up Matte Signature 12-platini metal (3 ml)","eyeliner l'oreal make up matte signature 12-platini metal (3 ml)","inactive",1,"2026-04-17 10:01:12"
"Eyeliner NYX Epic Wear Galben Rezistent la apă (3,5 ml)","eyeliner nyx epic wear galben rezistent la apă (3,5 ml)","inactive",1,"2026-04-17 10:01:12"
"EYESHADOW #129-Pearl Style Queen 0,8 gr","eyeshadow #129-pearl style queen 0,8 gr","inactive",1,"2026-04-17 10:01:12"
"Facial & Neck Vibration Massage Device","facial & neck vibration massage device","inactive",1,"2026-04-17 10:01:12"
"Facial Massage Device","facial massage device","inactive",1,"2026-04-17 10:01:12"
"Facial Massage Face Slimming Device","facial massage face slimming device","inactive",1,"2026-04-17 10:01:12"
"Fair Trade Votive Root Chakra Candle – Red (10 Hours Burning Time)","fair trade votive root chakra candle – red (10 hours burning time)","inactive",1,"2026-04-17 10:01:12"
"Family Size 4 in 1 Snakes & Ladder ,Ludo, Chess & Chinese Chekkers","family size 4 in 1 snakes & ladder ,ludo, chess & chinese chekkers","inactive",1,"2026-04-17 10:01:12"
"Fancy Bracelet NR28-1","fancy bracelet nr28-1","inactive",1,"2026-04-17 10:01:12"
"Fancy Bracelet NR28-2","fancy bracelet nr28-2","inactive",1,"2026-04-17 10:01:12"
"Fancy Bracelet NR28-3","fancy bracelet nr28-3","inactive",1,"2026-04-17 10:01:12"
"Fancy Rakhi NR7","fancy rakhi nr7","inactive",1,"2026-04-17 10:01:12"
"Fanta - Berry Flavour 355ml","fanta - berry flavour 355ml","inactive",1,"2026-04-17 10:01:12"
"Fantasia IC Hair Polisher Daily Hair Treatment Aloe Enriched 178ml","fantasia ic hair polisher daily hair treatment aloe enriched 178ml","inactive",1,"2026-04-17 10:01:12"
"Fantasia | IC | Hair Polisher Aloe 178ml","fantasia | ic | hair polisher aloe 178ml","inactive",1,"2026-04-17 10:01:12"
"Fantoosh Cars Rakhi (1pc)","fantoosh cars rakhi (1pc)","inactive",1,"2026-04-17 10:01:12"
"Fard de Ochi Mavala Cremos Nº 12 Violet Cerise","fard de ochi mavala cremos nº 12 violet cerise","inactive",1,"2026-04-17 10:01:12"
"Fashion Handbag","fashion handbag","inactive",1,"2026-04-17 10:01:12"
"Fashion Leather Watch Strap","fashion leather watch strap","inactive",1,"2026-04-17 10:01:12"
"Fashion Men Stainless Steel Watch","fashion men stainless steel watch","inactive",1,"2026-04-17 10:01:12"
"Fashion Sliding Fan Carbon Fiber Wallet","fashion sliding fan carbon fiber wallet","inactive",1,"2026-04-17 10:01:12"
"Fashion Watch For Women","fashion watch for women","inactive",1,"2026-04-17 10:01:12"
"Fashion Women Leather Casual Watch","fashion women leather casual watch","inactive",1,"2026-04-17 10:01:12"
"Fashion Women Watches 2021 New Leather Minimalist Watch Ladies Quartz Japan Movement Dress Wrist Watch Clock Montre Femme","fashion women watches 2021 new leather minimalist watch ladies quartz japan movement dress wrist watch clock montre femme","inactive",1,"2026-04-17 10:01:12"
"Fashionable 6-Needle Quartz Watch with Rhinestones","fashionable 6-needle quartz watch with rhinestones","inactive",1,"2026-04-17 10:01:12"
"Fashionable Men's Quartz Watch with Calendar Feature","fashionable men's quartz watch with calendar feature","inactive",1,"2026-04-17 10:01:12"
"Fashionable Waterproof Wooden Watch with Bracelet for Women","fashionable waterproof wooden watch with bracelet for women","inactive",1,"2026-04-17 10:01:12"
"Fashionable Women's Quartz Watch and Bracelet Set","fashionable women's quartz watch and bracelet set","inactive",1,"2026-04-17 10:01:12"
"Fashionista Crossbody Bag","fashionista crossbody bag","inactive",1,"2026-04-17 10:01:12"
"Female Storage Makeup Cases","female storage makeup cases","inactive",1,"2026-04-17 10:01:12"
"Fenchelsamen (Sonf) - 100g","fenchelsamen (sonf) - 100g","inactive",1,"2026-04-17 10:01:12"
"Fitness Pannier Bag","fitness pannier bag","inactive",1,"2026-04-17 10:01:12"
"Fitness Tracker Smart Watch","fitness tracker smart watch","inactive",1,"2026-04-17 10:01:12"
"Fitness Tracker Smartwatch","fitness tracker smartwatch","inactive",1,"2026-04-17 10:01:12"
"FitPro Health Smartwatch","fitpro health smartwatch","inactive",1,"2026-04-17 10:01:12"
"FitPro MILWATCH","fitpro milwatch","inactive",1,"2026-04-17 10:01:12"
"FitPro Smartwatch S5","fitpro smartwatch s5","inactive",1,"2026-04-17 10:01:12"
"FitPro™ Smartwatch V7","fitpro™ smartwatch v7","inactive",1,"2026-04-17 10:01:12"
"FitTouch V2 Smartwatch","fittouch v2 smartwatch","inactive",1,"2026-04-17 10:01:12"
"Fjallraven kanken II Canvas School Bags","fjallraven kanken ii canvas school bags","inactive",1,"2026-04-17 10:01:12"
"Flame Essential Oil Diffuser & Humidifier","flame essential oil diffuser & humidifier","inactive",1,"2026-04-17 10:01:12"
"Flash Thunder | Energy Drink | 250ml","flash thunder | energy drink | 250ml","inactive",1,"2026-04-17 10:01:12"
"FlexiBeam Compact Projector","flexibeam compact projector","inactive",1,"2026-04-17 10:01:12"
"Fluid corector bareMinerals Original Nº 5W Dark 6 ml","fluid corector bareminerals original nº 5w dark 6 ml","inactive",1,"2026-04-17 10:01:12"
"Flute Meditation Masala Agarbatti 1pcs","flute meditation masala agarbatti 1pcs","inactive",1,"2026-04-17 10:01:12"
"Flying Goose Sriracha Chilli Sauce Smokey - 200ml","flying goose sriracha chilli sauce smokey - 200ml","inactive",1,"2026-04-17 10:01:12"
"Flying Goose Sriracha Mayoo Sauce 200ml","flying goose sriracha mayoo sauce 200ml","inactive",1,"2026-04-17 10:01:12"
"Flying Goose Sriracha with Wasabi - 200ml","flying goose sriracha with wasabi - 200ml","inactive",1,"2026-04-17 10:01:12"
"Flying Goose Sweet Chilli Mayo Sauce - 200ml","flying goose sweet chilli mayo sauce - 200ml","inactive",1,"2026-04-17 10:01:12"
"Flying Goose Sweet Chilli Sauce (Chicken) 725ml","flying goose sweet chilli sauce (chicken) 725ml","inactive",1,"2026-04-17 10:01:12"
"Foldable bed diaper bag","foldable bed diaper bag","inactive",1,"2026-04-17 10:01:12"
"Foldable Laptop Holder","foldable laptop holder","inactive",1,"2026-04-17 10:01:12"
"Foldable RC Helicopter With 1080P Wide Angle Dual HD Camera","foldable rc helicopter with 1080p wide angle dual hd camera","inactive",1,"2026-04-17 10:01:12"
"Foldable Travel Bag","foldable travel bag","inactive",1,"2026-04-17 10:01:12"
"Foldable Waterproof Travel Backpack for Men","foldable waterproof travel backpack for men","inactive",1,"2026-04-17 10:01:12"
"FoldEase Portable Desktop Phone Stand","foldease portable desktop phone stand","inactive",1,"2026-04-17 10:01:12"
"Folding Enclosed Cat Litter Box","folding enclosed cat litter box","inactive",1,"2026-04-17 10:01:12"
"Folding Luggage","folding luggage","inactive",1,"2026-04-17 10:01:12"
"Folding Mobile Phone Bracket","folding mobile phone bracket","inactive",1,"2026-04-17 10:01:12"
"Fond de Ten Fluid Artdeco Natural Skin neutral/ natural tan (25 ml)","fond de ten fluid artdeco natural skin neutral/ natural tan (25 ml)","inactive",1,"2026-04-17 10:01:12"
"Fond de Ten Fluid Shiseido Synchro Skin Self-Refreshing Nº 410 Sunstone 30 ml","fond de ten fluid shiseido synchro skin self-refreshing nº 410 sunstone 30 ml","inactive",1,"2026-04-17 10:01:12"
"Fond de Ten Pudră Mi-rê Bibi Nova Rezervă Nº 03 Doré","fond de ten pudră mi-rê bibi nova rezervă nº 03 doré","inactive",1,"2026-04-17 10:01:12"
"Forest Landscape Painting","forest landscape painting","inactive",1,"2026-04-17 10:01:12"
"Foreway Sesame Oil Pure - 185ml","foreway sesame oil pure - 185ml","inactive",1,"2026-04-17 10:01:12"
"Formal Leather Strap","formal leather strap","inactive",1,"2026-04-17 10:01:12"
"Formaldehyde Removal Air Purifier For Household","formaldehyde removal air purifier for household","inactive",1,"2026-04-17 10:01:12"
"Four sided Clay Mitti Diya","four sided clay mitti diya","inactive",1,"2026-04-17 10:01:12"
"Four sided Clay Mitti Diya Big","four sided clay mitti diya big","inactive",1,"2026-04-17 10:01:12"
"Four sided Clay Mitti Diya small - Pack of 6","four sided clay mitti diya small - pack of 6","inactive",1,"2026-04-17 10:01:12"
"Framed 12x16in Decorative Modern Canvas Wall Art","framed 12x16in decorative modern canvas wall art","inactive",1,"2026-04-17 10:01:12"
"Fresh Big Sized Garlic / Lahasun - 475 -500g","fresh big sized garlic / lahasun - 475 -500g","inactive",1,"2026-04-17 10:01:12"
"Fresh Drink Rose Flavor Basil Seed - Non Alcohol 290ml","fresh drink rose flavor basil seed - non alcohol 290ml","inactive",1,"2026-04-17 10:01:12"
"Fresh Drumsticks | Moringa Sticks 300g-350g (2-3 Pieces)","fresh drumsticks | moringa sticks 300g-350g (2-3 pieces)","inactive",1,"2026-04-17 10:01:12"
"Fresh Farm Eggs (Eier) (Choose your Quantity)","fresh farm eggs (eier) (choose your quantity)","inactive",1,"2026-04-17 10:01:12"
"Fresh Haldi / Turmeric / Kurkuma - 170-200g","fresh haldi / turmeric / kurkuma - 170-200g","inactive",1,"2026-04-17 10:01:12"
"Fresh Haldi / Turmeric / Kurkuma - 220-250g","fresh haldi / turmeric / kurkuma - 220-250g","inactive",1,"2026-04-17 10:01:12"
"Fresh Okra | Best Quality fresh okra | Bhindi","fresh okra | best quality fresh okra | bhindi","inactive",1,"2026-04-17 10:01:12"
"Fresh Okra | Bhindi | Ladies Finger 250g","fresh okra | bhindi | ladies finger 250g","inactive",1,"2026-04-17 10:01:12"
"Fresh Peanuts","fresh peanuts","inactive",1,"2026-04-17 10:01:12"
"Fresh Plantain or Raw Green Banana  600-700gm","fresh plantain or raw green banana  600-700gm","inactive",1,"2026-04-17 10:01:12"
"Fresh Plantain or Raw Green Banana 400-450gm","fresh plantain or raw green banana 400-450gm","inactive",1,"2026-04-17 10:01:12"
"Fresh Plantain Stem | Banana Stem | Vazhaithandu - 1 Piece (700g - 750g)","fresh plantain stem | banana stem | vazhaithandu - 1 piece (700g - 750g)","inactive",1,"2026-04-17 10:01:12"
"Fresh Plantain Stem | Banana Stem | Vazhaithandu - 1 Piece (790g - 880g)","fresh plantain stem | banana stem | vazhaithandu - 1 piece (790g - 880g)","inactive",1,"2026-04-17 10:01:12"
"Fresh Pomegranate Juice 290ml","fresh pomegranate juice 290ml","inactive",1,"2026-04-17 10:01:12"
"Fresh Purple Brinjal","fresh purple brinjal","inactive",1,"2026-04-17 10:01:12"
"FRESH PURPLE YAM (Rasavalli) – (450g – 500g)","fresh purple yam (rasavalli) – (450g – 500g)","inactive",1,"2026-04-17 10:01:12"
"Fresh Rasgulla 400gm","fresh rasgulla 400gm","inactive",1,"2026-04-17 10:01:12"
"Fresh Raw Green Mango - 1Kg - 1.2Kgs","fresh raw green mango - 1kg - 1.2kgs","inactive",1,"2026-04-17 10:01:12"
"Fresh Raw Green Mango - 500-600g","fresh raw green mango - 500-600g","inactive",1,"2026-04-17 10:01:12"
"Fresh Raw Green Papaya - 600g - 900g","fresh raw green papaya - 600g - 900g","inactive",1,"2026-04-17 10:01:12"
"Fresh Red Spinach- 1 bundle","fresh red spinach- 1 bundle","inactive",1,"2026-04-17 10:01:12"
"Fresh Ripe Mangoes (Brazil)-1kg","fresh ripe mangoes (brazil)-1kg","inactive",1,"2026-04-17 10:01:12"
"Fresh ShakarPara 400gm","fresh shakarpara 400gm","inactive",1,"2026-04-17 10:01:12"
"Fresh Small Red Onion","fresh small red onion","inactive",1,"2026-04-17 10:01:12"
"Fresh Sugarcane 450-590gm","fresh sugarcane 450-590gm","inactive",1,"2026-04-17 10:01:12"
"Fresh Sugarcane-250g","fresh sugarcane-250g","inactive",1,"2026-04-17 10:01:12"
"Fresh Sweet Potato - 1Kg","fresh sweet potato - 1kg","inactive",1,"2026-04-17 10:01:12"
"Fresh Sweet Potato - 351 - 450g","fresh sweet potato - 351 - 450g","inactive",1,"2026-04-17 10:01:12"
"Fresh Sweet Potato - 451-550g","fresh sweet potato - 451-550g","inactive",1,"2026-04-17 10:01:12"
"Fresh Sweet Tamarind or Imli 450gm","fresh sweet tamarind or imli 450gm","inactive",1,"2026-04-17 10:01:12"
"Fresh Taro 1kg","fresh taro 1kg","inactive",1,"2026-04-17 10:01:12"
"Fresh Thai Banana","fresh thai banana","inactive",1,"2026-04-17 10:01:12"
"Fresh Thai Red Chilli","fresh thai red chilli","inactive",1,"2026-04-17 10:01:12"
"Fresh Tinde","fresh tinde","inactive",1,"2026-04-17 10:01:12"
"Fresh Tindi / Ivy Gourd 250gm (Only Berlin Delivery)","fresh tindi / ivy gourd 250gm (only berlin delivery)","inactive",1,"2026-04-17 10:01:12"
"Frozen Diamond Wantan-Teig 250gm - Only Berlin Delivery","frozen diamond wantan-teig 250gm - only berlin delivery","inactive",1,"2026-04-17 10:01:12"
"Frozen Diamond Wantan-Teig 500gm - Only Berlin Delivery","frozen diamond wantan-teig 500gm - only berlin delivery","inactive",1,"2026-04-17 10:01:12"
"Frozen Lucky Dim Sum Chinese Style Dumpling - Pork & Cheese Cabbage 400gm","frozen lucky dim sum chinese style dumpling - pork & cheese cabbage 400gm","inactive",1,"2026-04-17 10:01:12"
"FUDEAM Polyester Portable Storage Bag","fudeam polyester portable storage bag","inactive",1,"2026-04-17 10:01:12"
"Full Circle Smart Watch","full circle smart watch","inactive",1,"2026-04-17 10:01:12"
"Full Touch Screen Fitness Smart Watch","full touch screen fitness smart watch","inactive",1,"2026-04-17 10:01:12"
"Full Touch Screen Light Sports Smart Watch","full touch screen light sports smart watch","inactive",1,"2026-04-17 10:01:12"
"Full Touch Screen Smart Watch Heart Rate Testing Sports Music Smartwatch","full touch screen smart watch heart rate testing sports music smartwatch","inactive",1,"2026-04-17 10:01:12"
"Full Touch Screen Sports Watch","full touch screen sports watch","inactive",1,"2026-04-17 10:01:12"
"Function Data Cable Power Cable Mobile Phone Headset Digital Electronic Products Sorting Bag","function data cable power cable mobile phone headset digital electronic products sorting bag","inactive",1,"2026-04-17 10:01:12"
"Gamer LED Mouse Pad Waterproof","gamer led mouse pad waterproof","inactive",1,"2026-04-17 10:01:12"
"GANAPATHY DELIGHT’S JAFFNA ATTAKARI RICE – 1Kg","ganapathy delight’s jaffna attakari rice – 1kg","inactive",1,"2026-04-17 10:01:12"
"GANAPATHY DELIGHT’S JAFFNA ATTAKARI RICE – 5Kg","ganapathy delight’s jaffna attakari rice – 5kg","inactive",1,"2026-04-17 10:01:12"
"GANAPATHY DELIGHT’S MOTTAKARUPAN RICE – 5Kg","ganapathy delight’s mottakarupan rice – 5kg","inactive",1,"2026-04-17 10:01:12"
"GANAPATHY DELIGHT’S RED RAW RICE – 1Kg","ganapathy delight’s red raw rice – 1kg","inactive",1,"2026-04-17 10:01:12"
"GANAPATHY DELIGHT’S RED RAW RICE – 5Kg","ganapathy delight’s red raw rice – 5kg","inactive",1,"2026-04-17 10:01:12"
"GANAPATHY DELIGHT’S SAMBA RICE – 5Kg","ganapathy delight’s samba rice – 5kg","inactive",1,"2026-04-17 10:01:12"
"GANAPATHY DELIGHT’S WHITE RAW RICE – 1Kg","ganapathy delight’s white raw rice – 1kg","inactive",1,"2026-04-17 10:01:12"
"GANAPATHY DELIGHT’S WHITE RAW RICE – 5Kg","ganapathy delight’s white raw rice – 5kg","inactive",1,"2026-04-17 10:01:12"
"Ganesh Bhel Garlic Sev 180gm","ganesh bhel garlic sev 180gm","inactive",1,"2026-04-17 10:01:12"
"Ganesh BHEL Imlee Chutney 150g","ganesh bhel imlee chutney 150g","inactive",1,"2026-04-17 10:01:12"
"Ganesh Bhel Misal Farsan  - 200g","ganesh bhel misal farsan  - 200g","inactive",1,"2026-04-17 10:01:12"
"Ganesh Bhel Mix Farsan 200gm","ganesh bhel mix farsan 200gm","inactive",1,"2026-04-17 10:01:12"
"Ganesh Bhel Mix Farsan Crunchies - 200g","ganesh bhel mix farsan crunchies - 200g","inactive",1,"2026-04-17 10:01:12"
"Ganesh Bhel Pani Puri Chips (Papad) 200gm","ganesh bhel pani puri chips (papad) 200gm","inactive",1,"2026-04-17 10:01:12"
"Ganesh Bhel Pani Puri Chutney 150g","ganesh bhel pani puri chutney 150g","inactive",1,"2026-04-17 10:01:12"
"Ganesh Bhel Pani Puri Papad 1kg","ganesh bhel pani puri papad 1kg","inactive",1,"2026-04-17 10:01:12"
"Ganesh Bhel Panipuri Chips 200g","ganesh bhel panipuri chips 200g","inactive",1,"2026-04-17 10:01:12"
"Ganesh Bhel Panipuri Chutney 150g","ganesh bhel panipuri chutney 150g","inactive",1,"2026-04-17 10:01:12"
"Ganesh Bhel PaniPuri Papad 200g","ganesh bhel panipuri papad 200g","inactive",1,"2026-04-17 10:01:12"
"Ganesh Bhel Salted Shankarpala 200gm","ganesh bhel salted shankarpala 200gm","inactive",1,"2026-04-17 10:01:12"
"Ganesh Bhel Sweet Shankarpala 200gm","ganesh bhel sweet shankarpala 200gm","inactive",1,"2026-04-17 10:01:12"
"Ganesh Bhel: 200g Pani puri Papad (Ready To Fry)","ganesh bhel: 200g pani puri papad (ready to fry)","inactive",1,"2026-04-17 10:01:12"
"Ganesh Bikaneri Moong Papad (200g)","ganesh bikaneri moong papad (200g)","inactive",1,"2026-04-17 10:01:12"
"Ganesh Bombay Mixture 150g","ganesh bombay mixture 150g","inactive",1,"2026-04-17 10:01:12"
"Ganesh Crispy Ragi Papad (150g)","ganesh crispy ragi papad (150g)","inactive",1,"2026-04-17 10:01:12"
"Ganesh Garlic Papad / Papadum (200g)","ganesh garlic papad / papadum (200g)","inactive",1,"2026-04-17 10:01:12"
"Ganesh Garlic Sev 180gm","ganesh garlic sev 180gm","inactive",1,"2026-04-17 10:01:12"
"Ganesh Metal Incense Stick Holder","ganesh metal incense stick holder","inactive",1,"2026-04-17 10:01:12"
"Ganesh Metal Incense Stick Holder Colorful","ganesh metal incense stick holder colorful","inactive",1,"2026-04-17 10:01:12"
"Ganesh Mini Urid Black Pepper Papad (150g)","ganesh mini urid black pepper papad (150g)","inactive",1,"2026-04-17 10:01:12"
"Ganesh Mix Farsan 200g","ganesh mix farsan 200g","inactive",1,"2026-04-17 10:01:12"
"Ganesh Pearl Millet / Bajri Garlic Papad (150g)","ganesh pearl millet / bajri garlic papad (150g)","inactive",1,"2026-04-17 10:01:12"
"Ganesh Photo Frame (14 x 18 cm)","ganesh photo frame (14 x 18 cm)","inactive",1,"2026-04-17 10:01:12"
"Ganesh Photo Frame With Charan Paduka  Gift Set","ganesh photo frame with charan paduka  gift set","inactive",1,"2026-04-17 10:01:12"
"Garam Foods Fresh Bio Paneer | Indian Cottage Cheese 250g [BBE: 20 Mar 2026]","garam foods fresh bio paneer | indian cottage cheese 250g [bbe: 20 mar 2026]","inactive",1,"2026-04-17 10:01:12"
"GARDEN’S PRECIOUS INCENSE AGAR WOOD – 1 BOX","garden’s precious incense agar wood – 1 box","inactive",1,"2026-04-17 10:01:12"
"Garland or Varmala - Red and Cream Plastic flowers","garland or varmala - red and cream plastic flowers","inactive",1,"2026-04-17 10:01:12"
"GARLIC – (1 bag-500g)","garlic – (1 bag-500g)","inactive",1,"2026-04-17 10:01:12"
"Geestock Women's PU Leather Phone Crossbody Bag","geestock women's pu leather phone crossbody bag","inactive",1,"2026-04-17 10:01:12"
"Gel Fixativ pentru Sprâncene Essence Fix It Like a Boss (8,5 ml)","gel fixativ pentru sprâncene essence fix it like a boss (8,5 ml)","inactive",1,"2026-04-17 10:01:12"
"Gel Volumizador para Sobrancelhas Max Factor 2000 Calorie Nº 001 Dark Blonde 4,5 ml","gel volumizador para sobrancelhas max factor 2000 calorie nº 001 dark blonde 4,5 ml","inactive",1,"2026-04-17 10:01:12"
"gepp's Arrabbiata | Pasta & Pesto | bio | 8g","gepp's arrabbiata | pasta & pesto | bio | 8g","inactive",1,"2026-04-17 10:01:12"
"gepp's British Curry | Dippen & Würzen | bio | 14g","gepp's british curry | dippen & würzen | bio | 14g","inactive",1,"2026-04-17 10:01:12"
"gepp's Dippen & Würzen | bio | 10g |Café de Paris","gepp's dippen & würzen | bio | 10g |café de paris","inactive",1,"2026-04-17 10:01:12"
"gepp's Feige & Walnuesse | confit from Magere | 50g | bio","gepp's feige & walnuesse | confit from magere | 50g | bio","inactive",1,"2026-04-17 10:01:12"
"gepp's Geflügel Gewürz bio | Feiner Würzen | 12g","gepp's geflügel gewürz bio | feiner würzen | 12g","inactive",1,"2026-04-17 10:01:12"
"gepp's Hot Chillie | Senf 50g","gepp's hot chillie | senf 50g","inactive",1,"2026-04-17 10:01:12"
"gepp's Knoblauch & Chilli | bio | BBQ & Grill Saucen | 50g","gepp's knoblauch & chilli | bio | bbq & grill saucen | 50g","inactive",1,"2026-04-17 10:01:12"
"gepp's Kokos & Passionfrucht | Creation des Fruits | bio | 50g","gepp's kokos & passionfrucht | creation des fruits | bio | 50g","inactive",1,"2026-04-17 10:01:12"
"gepp's ofengemüse Gewürz bio | Feiner & Würzen | 11g","gepp's ofengemüse gewürz bio | feiner & würzen | 11g","inactive",1,"2026-04-17 10:01:12"
"gepp's OLIVENÖL NATIV EXTRA | Trüffel | kaltgepresst","gepp's olivenÖl nativ extra | trüffel | kaltgepresst","inactive",1,"2026-04-17 10:01:12"
"gepp's Orange & Grand Marnier | Creation des Fruits | bio | 50g","gepp's orange & grand marnier | creation des fruits | bio | 50g","inactive",1,"2026-04-17 10:01:12"
"gepp's Paprika  | Himbeer & Cayenne | Confit Fromagere | 50g","gepp's paprika  | himbeer & cayenne | confit fromagere | 50g","inactive",1,"2026-04-17 10:01:12"
"gepp's Sonnenflocken Salz bio | Gourmet Salz | 10g","gepp's sonnenflocken salz bio | gourmet salz | 10g","inactive",1,"2026-04-17 10:01:12"
"gepp's Whisky Senf | Senf 50g","gepp's whisky senf | senf 50g","inactive",1,"2026-04-17 10:01:12"
"gepp's Winter Bruschetta bio | Dippen &  Würzen | 10g","gepp's winter bruschetta bio | dippen &  würzen | 10g","inactive",1,"2026-04-17 10:01:12"
"gepp's Zintronengrass Curry | BBQ & Grill Saucen 50ml","gepp's zintronengrass curry | bbq & grill saucen 50ml","inactive",1,"2026-04-17 10:01:12"
"gepp's | Ananas Jalapeno | BBQ & Grill Saucen 250ml | bio","gepp's | ananas jalapeno | bbq & grill saucen 250ml | bio","inactive",1,"2026-04-17 10:01:12"
"gepp's | Condimento | Balsamico Bianco | 250ml","gepp's | condimento | balsamico bianco | 250ml","inactive",1,"2026-04-17 10:01:12"
"Glenn Genuine Watch Male Automatic Hollow Mechanical Watch","glenn genuine watch male automatic hollow mechanical watch","inactive",1,"2026-04-17 10:01:12"
"Glow Egg Speaker","glow egg speaker","inactive",1,"2026-04-17 10:01:12"
"God idols Umbrella - 28cm","god idols umbrella - 28cm","inactive",1,"2026-04-17 10:01:12"
"Gold Kili Instant Ginger Drink - No added Cane Sugar - 50g ( 10x5g)","gold kili instant ginger drink - no added cane sugar - 50g ( 10x5g)","inactive",1,"2026-04-17 10:01:12"
"Gold Kili Natural Ginger Tea Bag (20pcs) 60gm","gold kili natural ginger tea bag (20pcs) 60gm","inactive",1,"2026-04-17 10:01:12"
"Golden Pagoda Fresh Ramen Noodle Japanese Style - 180g","golden pagoda fresh ramen noodle japanese style - 180g","inactive",1,"2026-04-17 10:01:12"
"GOLDEN RIVER LONG BURNING CHARCOAL DISC 33mm (100Pcs) – 1BOX","golden river long burning charcoal disc 33mm (100pcs) – 1box","inactive",1,"2026-04-17 10:01:12"
"GOLDEN STAINLESS STEEL IDLY POT (3 PLATES – 18 IDLIS) – 1Pc","golden stainless steel idly pot (3 plates – 18 idlis) – 1pc","inactive",1,"2026-04-17 10:01:12"
"Gramarhein Onion Murukku 200g","gramarhein onion murukku 200g","inactive",1,"2026-04-17 10:01:12"
"Gramarhein Palakkadan Vadi Matta Rice 10kg","gramarhein palakkadan vadi matta rice 10kg","inactive",1,"2026-04-17 10:01:12"
"Gramarhein Puffed balls 200g","gramarhein puffed balls 200g","inactive",1,"2026-04-17 10:01:12"
"Gramarhein Sarkara varatti - 250gm","gramarhein sarkara varatti - 250gm","inactive",1,"2026-04-17 10:01:12"
"Gramarhein Tamarind 500g","gramarhein tamarind 500g","inactive",1,"2026-04-17 10:01:12"
"Gramarhein Tapioca Chips [Extra Spicy] 150g Jar","gramarhein tapioca chips [extra spicy] 150g jar","inactive",1,"2026-04-17 10:01:12"
"Gramarhein Thenkasi Sweet Murukku 150g","gramarhein thenkasi sweet murukku 150g","inactive",1,"2026-04-17 10:01:12"
"Gramarhein Tomato Murukku 250g","gramarhein tomato murukku 250g","inactive",1,"2026-04-17 10:01:12"
"Gramarhein Vadi  Matta Rice | 10kg","gramarhein vadi  matta rice | 10kg","inactive",1,"2026-04-17 10:01:12"
"Gramarhein: 400g Payyoli Mixture","gramarhein: 400g payyoli mixture","inactive",1,"2026-04-17 10:01:12"
"Granatapfel Melasse 430g","granatapfel melasse 430g","inactive",1,"2026-04-17 10:01:12"
"Granatapfelpulver (Amchur Powder) - 100gr.","granatapfelpulver (amchur powder) - 100gr.","inactive",1,"2026-04-17 10:01:12"
"Graystone Urbanite Backpack","graystone urbanite backpack","inactive",1,"2026-04-17 10:01:12"
"GRB Badam Halwa","grb badam halwa","inactive",1,"2026-04-17 10:01:12"
"GRB BUTTER SCOTCH SOAN CAKE – 200g","grb butter scotch soan cake – 200g","inactive",1,"2026-04-17 10:01:12"
"GRB Butterscotch Soan Cake 200g","grb butterscotch soan cake 200g","inactive",1,"2026-04-17 10:01:12"
"GRB CANNED RAJBHOG – 500g","grb canned rajbhog – 500g","inactive",1,"2026-04-17 10:01:12"
"GRB Cham Cham 1kg Tin (Ready to Eat)","grb cham cham 1kg tin (ready to eat)","inactive",1,"2026-04-17 10:01:12"
"GRB CHOCOLATE SOAN PAPADI – 200g","grb chocolate soan papadi – 200g","inactive",1,"2026-04-17 10:01:12"
"GRB Coconut Barfi","grb coconut barfi","inactive",1,"2026-04-17 10:01:12"
"GRB Dharwad Peda","grb dharwad peda","inactive",1,"2026-04-17 10:01:12"
"GRB DOSA MIX – 500g","grb dosa mix – 500g","inactive",1,"2026-04-17 10:01:12"
"GRB Dryfruit Halwa 200gm","grb dryfruit halwa 200gm","inactive",1,"2026-04-17 10:01:12"
"GRB GHEE (POUCH) – 200ml","grb ghee (pouch) – 200ml","inactive",1,"2026-04-17 10:01:12"
"GRB Ghee Mysore Pak 200g","grb ghee mysore pak 200g","inactive",1,"2026-04-17 10:01:12"
"GRB Ghee Mysorepak","grb ghee mysorepak","inactive",1,"2026-04-17 10:01:12"
"GRB KAJU KATLI – 340g","grb kaju katli – 340g","inactive",1,"2026-04-17 10:01:12"
"GRB Kajukatli","grb kajukatli","inactive",1,"2026-04-17 10:01:12"
"GRB Milk Cake","grb milk cake","inactive",1,"2026-04-17 10:01:12"
"GRB Milk peda","grb milk peda","inactive",1,"2026-04-17 10:01:12"
"GRB Plain Upma Mix 500g","grb plain upma mix 500g","inactive",1,"2026-04-17 10:01:12"
"GRB Pure Buffalo Ghee - Rich In Nutrients, 500 ml / Pooja special","grb pure buffalo ghee - rich in nutrients, 500 ml / pooja special","inactive",1,"2026-04-17 10:01:12"
"GRB Ragi Dosa Instant Mix 500g","grb ragi dosa instant mix 500g","inactive",1,"2026-04-17 10:01:12"
"GRB RAGI DOSA MIX – 500g","grb ragi dosa mix – 500g","inactive",1,"2026-04-17 10:01:12"
"GRB Rajbhog 500g Tin (Ready to Eat)","grb rajbhog 500g tin (ready to eat)","inactive",1,"2026-04-17 10:01:12"
"GRB Rasgulla Tin (1kg)","grb rasgulla tin (1kg)","inactive",1,"2026-04-17 10:01:12"
"GRB RAVA DOSA INSTANT MIX – 500g","grb rava dosa instant mix – 500g","inactive",1,"2026-04-17 10:01:12"
"GRB RAVA IDLY – 500g","grb rava idly – 500g","inactive",1,"2026-04-17 10:01:12"
"GRB South Indian Laddu","grb south indian laddu","inactive",1,"2026-04-17 10:01:12"
"GRB Special Laddu","grb special laddu","inactive",1,"2026-04-17 10:01:12"
"GRB Town Bus Kai Murukku 340g","grb town bus kai murukku 340g","inactive",1,"2026-04-17 10:01:12"
"GRB Townbus Avalakki Mixture 150gm","grb townbus avalakki mixture 150gm","inactive",1,"2026-04-17 10:01:12"
"GRB Townbus Butter Murukku 170g","grb townbus butter murukku 170g","inactive",1,"2026-04-17 10:01:12"
"GRB Townbus Cornflakes Mixture 150g","grb townbus cornflakes mixture 150g","inactive",1,"2026-04-17 10:01:12"
"GRB Townbus Garlic Mixture 340g","grb townbus garlic mixture 340g","inactive",1,"2026-04-17 10:01:12"
"GRB Townbus Kara Bhoondi 170g","grb townbus kara bhoondi 170g","inactive",1,"2026-04-17 10:01:12"
"GRB Townbus Ribbon Murukku 170g","grb townbus ribbon murukku 170g","inactive",1,"2026-04-17 10:01:12"
"GRB Townbus Rice Kodubale 340g","grb townbus rice kodubale 340g","inactive",1,"2026-04-17 10:01:12"
"Grb Udhayam Pure Ghee 500g","grb udhayam pure ghee 500g","inactive",1,"2026-04-17 10:01:12"
"Greek Wall  Maltose 500g","greek wall  maltose 500g","inactive",1,"2026-04-17 10:01:12"
"Green Luxury Quartz Watch Set","green luxury quartz watch set","inactive",1,"2026-04-17 10:01:12"
"Guru Gobind Singh Ji","guru gobind singh ji","inactive",1,"2026-04-17 10:01:12"
"Guru Ji","guru ji","inactive",1,"2026-04-17 10:01:12"
"Gutschein  100","gutschein  100","inactive",1,"2026-04-17 10:01:12"
"Gutschein  50","gutschein  50","inactive",1,"2026-04-17 10:01:12"
"Gutschein 20","gutschein 20","inactive",1,"2026-04-17 10:01:12"
"Gym Bag","gym bag","inactive",1,"2026-04-17 10:01:12"
"H12 Pro Plus 45mm  Smart Watch!","h12 pro plus 45mm  smart watch!","inactive",1,"2026-04-17 10:01:12"
"Haar Beads Small","haar beads small","inactive",1,"2026-04-17 10:01:12"
"Hair Brush Comb w/Safe Hidden Compartment","hair brush comb w/safe hidden compartment","inactive",1,"2026-04-17 10:01:12"
"Hair Comb Pocket Size","hair comb pocket size","inactive",1,"2026-04-17 10:01:12"
"Hair Straightener Comb Set","hair straightener comb set","inactive",1,"2026-04-17 10:01:12"
"HALDIRAM BHEL SPICY MIX – 400g","haldiram bhel spicy mix – 400g","inactive",1,"2026-04-17 10:01:12"
"Haldiram Butter Murukku 180gm","haldiram butter murukku 180gm","inactive",1,"2026-04-17 10:01:12"
"HALDIRAM CHANA CHOOR / JOR GARAM – 200g","haldiram chana choor / jor garam – 200g","inactive",1,"2026-04-17 10:01:12"
"HALDIRAM CHANA CHUR – 200g","haldiram chana chur – 200g","inactive",1,"2026-04-17 10:01:12"
"Haldiram Chips Mast Masala 120gm","haldiram chips mast masala 120gm","inactive",1,"2026-04-17 10:01:12"
"HALDIRAM CHOLEY ALOO (VEGAN) – 300g","haldiram choley aloo (vegan) – 300g","inactive",1,"2026-04-17 10:01:12"
"HALDIRAM COCKTAIL SAMOSA – 650g [FZN]","haldiram cocktail samosa – 650g [fzn]","inactive",1,"2026-04-17 10:01:12"
"HALDIRAM CORIANDER KULCHA – 240g [FZN]","haldiram coriander kulcha – 240g [fzn]","inactive",1,"2026-04-17 10:01:12"
"HALDIRAM DAKSHIN EXPRESS KERALA MIXTURE – 180g","haldiram dakshin express kerala mixture – 180g","inactive",1,"2026-04-17 10:01:12"
"Haldiram Dakshin Madras Mix  180gm","haldiram dakshin madras mix  180gm","inactive",1,"2026-04-17 10:01:12"
"HALDIRAM DAKSHIN SALTED BANANA CHIPS – 180g","haldiram dakshin salted banana chips – 180g","inactive",1,"2026-04-17 10:01:12"
"HALDIRAM DAL TADKA – 300g","haldiram dal tadka – 300g","inactive",1,"2026-04-17 10:01:12"
"Haldiram Dilli Style Choley 300gm","haldiram dilli style choley 300gm","inactive",1,"2026-04-17 10:01:12"
"HALDIRAM DUM ALOO – 300g","haldiram dum aloo – 300g","inactive",1,"2026-04-17 10:01:12"
"Haldiram Frozen Ajwain Paratha 6 (Delivery in Berlin)","haldiram frozen ajwain paratha 6 (delivery in berlin)","inactive",1,"2026-04-17 10:01:12"
"Haldiram Frozen Aloo Achari Paratha (Delivery in Berlin)","haldiram frozen aloo achari paratha (delivery in berlin)","inactive",1,"2026-04-17 10:01:12"
"Haldiram Frozen Aloo Gobi Paratha (Delivery in Berlin)","haldiram frozen aloo gobi paratha (delivery in berlin)","inactive",1,"2026-04-17 10:01:12"
"Haldiram Frozen Aloo Kulcha (Delivery in Berlin)","haldiram frozen aloo kulcha (delivery in berlin)","inactive",1,"2026-04-17 10:01:12"
"Haldiram Frozen Aloo Paratha (Deliver only Berlin)","haldiram frozen aloo paratha (deliver only berlin)","inactive",1,"2026-04-17 10:01:12"
"Haldiram Frozen Aloo Pyaz(Onion) Paratha (Delivery in Berlin)","haldiram frozen aloo pyaz(onion) paratha (delivery in berlin)","inactive",1,"2026-04-17 10:01:12"
"Haldiram Frozen Aloo Tikki Vegan- 8pcs (Delivery in Berlin)","haldiram frozen aloo tikki vegan- 8pcs (delivery in berlin)","inactive",1,"2026-04-17 10:01:12"
"Haldiram Frozen Bajra Roti  (Delivery in Berlin)","haldiram frozen bajra roti  (delivery in berlin)","inactive",1,"2026-04-17 10:01:12"
"Haldiram Frozen Batata Wada  (Delivery in Berlin)","haldiram frozen batata wada  (delivery in berlin)","inactive",1,"2026-04-17 10:01:12"
"Haldiram Frozen Bread Pakora (Delivery in Berlin)","haldiram frozen bread pakora (delivery in berlin)","inactive",1,"2026-04-17 10:01:12"
"Haldiram's Dilli Style Choley (300g)","haldiram's dilli style choley (300g)","inactive",1,"2026-04-17 10:01:12"
"Haldiram's Paneer Makhani (Tofu) (Vegan) (Bundle of 2 x 300g)","haldiram's paneer makhani (tofu) (vegan) (bundle of 2 x 300g)","inactive",1,"2026-04-17 10:01:12"
"Haldiram's Rajma Raseela (Bundle of 2 x 300g)","haldiram's rajma raseela (bundle of 2 x 300g)","inactive",1,"2026-04-17 10:01:12"
"Haldiram's Roasted Foxnuts Classic Pudina (Bundle of 2 x 30g)","haldiram's roasted foxnuts classic pudina (bundle of 2 x 30g)","inactive",1,"2026-04-17 10:01:12"
"Haldiram's Roasted Foxnuts Mast Masala (Bundle of 2 x 30g)","haldiram's roasted foxnuts mast masala (bundle of 2 x 30g)","inactive",1,"2026-04-17 10:01:12"
"Haldiram's Roasted Foxnuts Simply Salted (Bundle of 2 x 30g)","haldiram's roasted foxnuts simply salted (bundle of 2 x 30g)","inactive",1,"2026-04-17 10:01:12"
"Haldiram's Veg Pulao (Bundle of 2 x 200g)","haldiram's veg pulao (bundle of 2 x 200g)","inactive",1,"2026-04-17 10:01:12"
"Haldiram: 180g Dakshin Butter Murukku","haldiram: 180g dakshin butter murukku","inactive",1,"2026-04-17 10:01:12"
"Haldirams Khatta Meetha","haldirams khatta meetha","inactive",1,"2026-04-17 10:01:12"
"Haldirams Lachcha Paratha 6pcs","haldirams lachcha paratha 6pcs","inactive",1,"2026-04-17 10:01:12"
"Haldirams Masala Moong Dal","haldirams masala moong dal","inactive",1,"2026-04-17 10:01:12"
"Haldirams Mix Veg Paratha 4pcs","haldirams mix veg paratha 4pcs","inactive",1,"2026-04-17 10:01:12"
"Haldirams Moong Dal","haldirams moong dal","inactive",1,"2026-04-17 10:01:12"
"Haldirams Muli Paratha 4pcs","haldirams muli paratha 4pcs","inactive",1,"2026-04-17 10:01:12"
"Haldiram’s Peda- 300g","haldiram’s peda- 300g","inactive",1,"2026-04-17 10:01:12"
"Haldiram’s Soan Papdi 250g","haldiram’s soan papdi 250g","inactive",1,"2026-04-17 10:01:12"
"Half Gallon Water Bottle with Sleeve 64 OZ 2000ML","half gallon water bottle with sleeve 64 oz 2000ml","inactive",1,"2026-04-17 10:01:12"
"Hamam 100% Pure Neem oil Soap 100g","hamam 100% pure neem oil soap 100g","inactive",1,"2026-04-17 10:01:12"
"HAMAM PURE NEEM OIL SOAP – 150g","hamam pure neem oil soap – 150g","inactive",1,"2026-04-17 10:01:12"
"Hamdard Roohafza 800ml","hamdard roohafza 800ml","inactive",1,"2026-04-17 10:01:12"
"Hamdard Safi 100gm","hamdard safi 100gm","inactive",1,"2026-04-17 10:01:12"
"Hanami  Toasted Shrimp 60g","hanami  toasted shrimp 60g","inactive",1,"2026-04-17 10:01:12"
"Hand Woven Tapestry Wall Hanging Art","hand woven tapestry wall hanging art","inactive",1,"2026-04-17 10:01:12"
"Handcrafted Embroidery Toran","handcrafted embroidery toran","inactive",1,"2026-04-17 10:01:12"
"Handcrafted Embroidery Toran - Set of 2","handcrafted embroidery toran - set of 2","inactive",1,"2026-04-17 10:01:12"
"Handcrafted Ethnic Rajasthani Toran","handcrafted ethnic rajasthani toran","inactive",1,"2026-04-17 10:01:12"
"Handcrafted Royal Rajasthani Toran","handcrafted royal rajasthani toran","inactive",1,"2026-04-17 10:01:12"
"Handcrafted Thread Work Ganesha Wall Hanging","handcrafted thread work ganesha wall hanging","inactive",1,"2026-04-17 10:01:12"
"Handcrafted Thread Work Wall Hanging","handcrafted thread work wall hanging","inactive",1,"2026-04-17 10:01:12"
"Handheld Garment Steamer","handheld garment steamer","inactive",1,"2026-04-17 10:01:12"
"Handicraft Handbag Bag","handicraft handbag bag","inactive",1,"2026-04-17 10:01:12"
"Handicraft Hanging Elephants Toran long","handicraft hanging elephants toran long","inactive",1,"2026-04-17 10:01:12"
"Handicraft Toran with side hangings","handicraft toran with side hangings","inactive",1,"2026-04-17 10:01:12"
"Handicraft Umbrella Hanging Elephants Toran","handicraft umbrella hanging elephants toran","inactive",1,"2026-04-17 10:01:12"
"Handmade Adorable Birdy Rakhi","handmade adorable birdy rakhi","inactive",1,"2026-04-17 10:01:12"
"Handmade Crazy Cowhide Apple Watch Watchband","handmade crazy cowhide apple watch watchband","inactive",1,"2026-04-17 10:01:12"
"Handmade Venus Flowerpots","handmade venus flowerpots","inactive",1,"2026-04-17 10:01:12"
"Handmade Yummy Donut Rakhi","handmade yummy donut rakhi","inactive",1,"2026-04-17 10:01:12"
"Hanging Dual-use Living Room Clock","hanging dual-use living room clock","inactive",1,"2026-04-17 10:01:12"
"Hanging Flower pot","hanging flower pot","inactive",1,"2026-04-17 10:01:12"
"Hanging Toiletry Travel Bag","hanging toiletry travel bag","inactive",1,"2026-04-17 10:01:12"
"Hannah Martin Watch Women","hannah martin watch women","inactive",1,"2026-04-17 10:01:12"
"Hanuman Photo Frame (14 x 18 cm)","hanuman photo frame (14 x 18 cm)","inactive",1,"2026-04-17 10:01:12"
"Hawaii Tiki Ceramic Cup","hawaii tiki ceramic cup","inactive",1,"2026-04-17 10:01:12"
"HBI - Sake 14% Alcohol - Age-check Included - 750ml","hbi - sake 14% alcohol - age-check included - 750ml","inactive",1,"2026-04-17 10:01:12"
"HBI Sake 14% Alcohol - Age-check Included - 300ml","hbi sake 14% alcohol - age-check included - 300ml","inactive",1,"2026-04-17 10:01:12"
"HD Digital Camera","hd digital camera","inactive",1,"2026-04-17 10:01:12"
"HD Square Touch Screen Waterproof Smart Fitness Watch","hd square touch screen waterproof smart fitness watch","inactive",1,"2026-04-17 10:01:12"
"HEALTHY MIX tinted beautifier #001","healthy mix tinted beautifier #001","inactive",1,"2026-04-17 10:01:12"
"Heart Rate Monitor & Pedometer Intelligent Bracelet","heart rate monitor & pedometer intelligent bracelet","inactive",1,"2026-04-17 10:01:12"
"Heart-Shaped Soap Rose in Tin Box - Creative Gift","heart-shaped soap rose in tin box - creative gift","inactive",1,"2026-04-17 10:01:12"
"Heated Vibration Massage Waist Belt","heated vibration massage waist belt","inactive",1,"2026-04-17 10:01:12"
"Heera Almond Oil","heera almond oil","inactive",1,"2026-04-17 10:01:12"
"Heera Aritha Powder (For External Use)","heera aritha powder (for external use)","inactive",1,"2026-04-17 10:01:12"
"Heera Aritha Soapberries (External Use)","heera aritha soapberries (external use)","inactive",1,"2026-04-17 10:01:12"
"Heera Black Pepper Coarse","heera black pepper coarse","inactive",1,"2026-04-17 10:01:12"
"Heera Brown Lentils (Masoor Brown)","heera brown lentils (masoor brown)","inactive",1,"2026-04-17 10:01:12"
"Heera Coriander Whole","heera coriander whole","inactive",1,"2026-04-17 10:01:12"
"Heera Coriander Whole 100g","heera coriander whole 100g","inactive",1,"2026-04-17 10:01:12"
"Heera Dalchini | Cinnamon (Powder) 100g","heera dalchini | cinnamon (powder) 100g","inactive",1,"2026-04-17 10:01:12"
"Heera Dalchini | Cinnamon Sticks (Whole ) 50g","heera dalchini | cinnamon sticks (whole ) 50g","inactive",1,"2026-04-17 10:01:12"
"HEERA DALCHINI/CINNAMON POWDER – 100g","heera dalchini/cinnamon powder – 100g","inactive",1,"2026-04-17 10:01:12"
"Heera Far Far | Chokdi 200g","heera far far | chokdi 200g","inactive",1,"2026-04-17 10:01:12"
"Heera Fennel Powder (Soonf) 100g | Aromatic Indian Spice","heera fennel powder (soonf) 100g | aromatic indian spice","inactive",1,"2026-04-17 10:01:12"
"Heera Golden Sultanas | Raisins (Kishmish) 100g","heera golden sultanas | raisins (kishmish) 100g","inactive",1,"2026-04-17 10:01:12"
"Heera Idli Rawa | Rava | Ravva 1Kg","heera idli rawa | rava | ravva 1kg","inactive",1,"2026-04-17 10:01:12"
"Heera Makki Desi Atta | Maize Flour 1Kg","heera makki desi atta | maize flour 1kg","inactive",1,"2026-04-17 10:01:12"
"Heera Medium Sago Seeds (Sabudana) Regular 1.5kg | Tapioca Pearls","heera medium sago seeds (sabudana) regular 1.5kg | tapioca pearls","inactive",1,"2026-04-17 10:01:12"
"Heera Orange Food Colour – 25g | Premium Edible Food Coloring Powder","heera orange food colour – 25g | premium edible food coloring powder","inactive",1,"2026-04-17 10:01:12"
"Heera Peanuts | Groundnuts (Red) 1kg","heera peanuts | groundnuts (red) 1kg","inactive",1,"2026-04-17 10:01:12"
"Heera Peanuts | Groundnuts (Red) 375g","heera peanuts | groundnuts (red) 375g","inactive",1,"2026-04-17 10:01:12"
"Heera Ragi Whole | Finger Millets 1Kg","heera ragi whole | finger millets 1kg","inactive",1,"2026-04-17 10:01:12"
"Heera Soya Chunks | Meal Maker 500g","heera soya chunks | meal maker 500g","inactive",1,"2026-04-17 10:01:12"
"Heera Thick Poha 1Kg | Premium Flattened Rice","heera thick poha 1kg | premium flattened rice","inactive",1,"2026-04-17 10:01:12"
"Heera Upma Roasted Sooji 1Kg | Upma Rava | Premium Semolina","heera upma roasted sooji 1kg | upma rava | premium semolina","inactive",1,"2026-04-17 10:01:12"
"Heera Whole  Peas (Vatana) 2kg","heera whole  peas (vatana) 2kg","inactive",1,"2026-04-17 10:01:12"
"Heera Whole Turmeric (Haldi)","heera whole turmeric (haldi)","inactive",1,"2026-04-17 10:01:12"
"Heera/Shagun Chandan Powder 40gm","heera/shagun chandan powder 40gm","inactive",1,"2026-04-17 10:01:12"
"Height Adjustable Desk","height adjustable desk","inactive",1,"2026-04-17 10:01:12"
"Herr's Baked Cheese Curls 113gm","herr's baked cheese curls 113gm","inactive",1,"2026-04-17 10:01:12"
"Herzog 9pcs Knife Set","herzog 9pcs knife set","inactive",1,"2026-04-17 10:01:12"
"Hesh Sandal Chandan Face Pack","hesh sandal chandan face pack","inactive",1,"2026-04-17 10:01:12"
"Hide & Seek Bourbon Black 6pkts","hide & seek bourbon black 6pkts","inactive",1,"2026-04-17 10:01:12"
"High Quality Leather Backpacks","high quality leather backpacks","inactive",1,"2026-04-17 10:01:12"
"High-power 72 Lamp Beads 320Ws Quick-drying Hot Lamp","high-power 72 lamp beads 320ws quick-drying hot lamp","inactive",1,"2026-04-17 10:01:12"
"High-Quality Basketball Ball - Official Size 7","high-quality basketball ball - official size 7","inactive",1,"2026-04-17 10:01:12"
"High-Quality PU Leather Fashion Women's Bag Set","high-quality pu leather fashion women's bag set","inactive",1,"2026-04-17 10:01:12"
"High-Quality Rose Gold Dial Leather Watch","high-quality rose gold dial leather watch","inactive",1,"2026-04-17 10:01:12"
"High-Resolution Display with Built-In Battery","high-resolution display with built-in battery","inactive",1,"2026-04-17 10:01:12"
"Highlighting Brush","highlighting brush","inactive",1,"2026-04-17 10:01:12"
"Himalaya Neem and Turmeric Soap - 75g","himalaya neem and turmeric soap - 75g","inactive",1,"2026-04-17 10:01:12"
"Himalaya: 100g Neem Face Pack","himalaya: 100g neem face pack","inactive",1,"2026-04-17 10:01:12"
"Hippi | Bubble Tea | Ananas Aromah | 350ml","hippi | bubble tea | ananas aromah | 350ml","inactive",1,"2026-04-17 10:01:12"
"Hippi | Bubble Tea | Blueberry Aromah | 350ml","hippi | bubble tea | blueberry aromah | 350ml","inactive",1,"2026-04-17 10:01:12"
"hippi | Bubble Tea | Cilek Aroma | 350ml","hippi | bubble tea | cilek aroma | 350ml","inactive",1,"2026-04-17 10:01:12"
"Hippi | Bubble Tea | Cool Lime Aromah | 350ml","hippi | bubble tea | cool lime aromah | 350ml","inactive",1,"2026-04-17 10:01:12"
"Holi Color - Purple 70g","holi color - purple 70g","inactive",1,"2026-04-17 10:01:12"
"Holi Color - Yellow 70g","holi color - yellow 70g","inactive",1,"2026-04-17 10:01:12"
"Holy Kara for Men","holy kara for men","inactive",1,"2026-04-17 10:01:12"
"HORLICKS MOTHER’S PLUS -500G","horlicks mother’s plus -500g","inactive",1,"2026-04-17 10:01:12"
"Hot Beer Bottle Opener","hot beer bottle opener","inactive",1,"2026-04-17 10:01:12"
"Hot Lamp Phototherapy Machine","hot lamp phototherapy machine","inactive",1,"2026-04-17 10:01:11"
"Household Raindrop Fragrance Machine","household raindrop fragrance machine","inactive",1,"2026-04-17 10:01:11"
"Hub Rotation Series Watch","hub rotation series watch","inactive",1,"2026-04-17 10:01:11"
"Huggies Pure Wipes 99% Water - 72 Pieces","huggies pure wipes 99% water - 72 pieces","inactive",1,"2026-04-17 10:01:11"
"HW8 Max Smartwatch","hw8 max smartwatch","inactive",1,"2026-04-17 10:01:11"
"I phone Back Clip Power Bank","i phone back clip power bank","inactive",1,"2026-04-17 10:01:11"
"Ice Out Diamond Square Watch","ice out diamond square watch","inactive",1,"2026-04-17 10:01:11"
"Ice Out Square Watch For Men","ice out square watch for men","inactive",1,"2026-04-17 10:01:11"
"Iced Out Watch For Men","iced out watch for men","inactive",1,"2026-04-17 10:01:11"
"ICONAILS Gel-Nagellack #159-Purple Rain 10,5 ml","iconails gel-nagellack #159-purple rain 10,5 ml","inactive",1,"2026-04-17 10:01:11"
"ICONAILS Gel-Nagellack #169-Raspberry Pie 10,5 ml","iconails gel-nagellack #169-raspberry pie 10,5 ml","inactive",1,"2026-04-17 10:01:11"
"Ikhlas Concentrated Perfume Oil","ikhlas concentrated perfume oil","inactive",1,"2026-04-17 10:01:11"
"India Gate Rice Flakes / Powa thin 500g","india gate rice flakes / powa thin 500g","inactive",1,"2026-04-17 10:01:11"
"India Gate Rice Flakes Poha White medium 1kg","india gate rice flakes poha white medium 1kg","inactive",1,"2026-04-17 10:01:11"
"Indian Broom | Jhadu 1 Piece [Only Local Delivery]","indian broom | jhadu 1 piece [only local delivery]","inactive",1,"2026-04-17 10:01:11"
"INDIAN GARLIC – (1 bag -500g)","indian garlic – (1 bag -500g)","inactive",1,"2026-04-17 10:01:11"
"INDIAN NATIONAL FLAG / TIRANGA (WAVING TYPE) – 1Pcs","indian national flag / tiranga (waving type) – 1pcs","inactive",1,"2026-04-17 10:01:11"
"Indian Serving Spoon","indian serving spoon","inactive",1,"2026-04-17 10:01:11"
"Indian Thali Rectangular Stainless Steel","indian thali rectangular stainless steel","inactive",1,"2026-04-17 10:01:11"
"Indische Edelstahl Katori - (Schale)","indische edelstahl katori - (schale)","inactive",1,"2026-04-17 10:01:11"
"INHALATION CAPSULE – 5 PCS","inhalation capsule – 5 pcs","inactive",1,"2026-04-17 10:01:11"
"Invincible Iron Man Rakhi (1pcs)","invincible iron man rakhi (1pcs)","inactive",1,"2026-04-17 10:01:11"
"IP68 5ATM Waterproof Smartwatch","ip68 5atm waterproof smartwatch","inactive",1,"2026-04-17 10:01:11"
"iPaaka Tomato Dal Rasam 100g","ipaaka tomato dal rasam 100g","inactive",1,"2026-04-17 10:01:11"
"Iran Star Excellent Basmati Rice - 5kg","iran star excellent basmati rice - 5kg","inactive",1,"2026-04-17 10:01:11"
"Iranian Plate","iranian plate","inactive",1,"2026-04-17 10:01:11"
"Iron Heavy Quality Roti or Poori Press Maker - Manuel","iron heavy quality roti or poori press maker - manuel","inactive",1,"2026-04-17 10:01:11"
"IRVINGS IRCEO4SS High Performance Rice Cooker","irvings irceo4ss high performance rice cooker","inactive",1,"2026-04-17 10:01:11"
"Isabgol - Flohsamen 200gr.","isabgol - flohsamen 200gr.","inactive",1,"2026-04-17 10:01:11"
"Isabgol- Flohsamen 100gr.","isabgol- flohsamen 100gr.","inactive",1,"2026-04-17 10:01:11"
"Isadora Frijoles - Negros Enteros (Pouch) 454gm","isadora frijoles - negros enteros (pouch) 454gm","inactive",1,"2026-04-17 10:01:11"
"Isadora Frijoles - Negros Refritos (Pouch) 430gm","isadora frijoles - negros refritos (pouch) 430gm","inactive",1,"2026-04-17 10:01:11"
"Isadora Frijoles - Refritos Bayos Sin Grasa 430gm","isadora frijoles - refritos bayos sin grasa 430gm","inactive",1,"2026-04-17 10:01:11"
"Isadora Frijoles Enteros Claros (Pouch) 454gm","isadora frijoles enteros claros (pouch) 454gm","inactive",1,"2026-04-17 10:01:11"
"Isadora Frijoles Refritos Peruanos (Pouch) 430gm","isadora frijoles refritos peruanos (pouch) 430gm","inactive",1,"2026-04-17 10:01:11"
"ISM Festivals Special Kaju or Cashews 100gm","ism festivals special kaju or cashews 100gm","inactive",1,"2026-04-17 10:01:11"
"ISM Festivals Specials Kaju or Cashews 200gm","ism festivals specials kaju or cashews 200gm","inactive",1,"2026-04-17 10:01:11"
"ISM Kheel Sweet Makhana  50gm","ism kheel sweet makhana  50gm","inactive",1,"2026-04-17 10:01:11"
"ISM Special Kaju or Cashews 500gm","ism special kaju or cashews 500gm","inactive",1,"2026-04-17 10:01:11"
"ISM Specials Kaju or Cashews 100gm","ism specials kaju or cashews 100gm","inactive",1,"2026-04-17 10:01:11"
"IT&#39;S A BLING THING Nagelaufkleber 1 Stück","it&#39;s a bling thing nagelaufkleber 1 stück","inactive",1,"2026-04-17 10:01:11"
"Ita-San Ramen Fond - Miso 440ml","ita-san ramen fond - miso 440ml","inactive",1,"2026-04-17 10:01:11"
"Ita-San Ramen Fond - Shoyu 440ml","ita-san ramen fond - shoyu 440ml","inactive",1,"2026-04-17 10:01:11"
"Ita-San Ramen Fond - Tonkotsu 440ml","ita-san ramen fond - tonkotsu 440ml","inactive",1,"2026-04-17 10:01:11"
"Ita-San Sushi Ginger 190gm","ita-san sushi ginger 190gm","inactive",1,"2026-04-17 10:01:11"
"Ita-San Sushi Rice 500gm","ita-san sushi rice 500gm","inactive",1,"2026-04-17 10:01:11"
"Ita-San Udon Noodles 200gm","ita-san udon noodles 200gm","inactive",1,"2026-04-17 10:01:11"
"Ito En - Green Tea Powder With Matcha (Unsweetend) 32gm","ito en - green tea powder with matcha (unsweetend) 32gm","inactive",1,"2026-04-17 10:01:11"
"Ito En - Hojicha Tea (20 Tea Bags) 32gm","ito en - hojicha tea (20 tea bags) 32gm","inactive",1,"2026-04-17 10:01:11"
"Ito En - Instant Matcha Powder - Sweetened (10 Tea Bags) 120gm","ito en - instant matcha powder - sweetened (10 tea bags) 120gm","inactive",1,"2026-04-17 10:01:11"
"Ito En - Instant Matcha Sachet (12 Tea Bags) 24gm","ito en - instant matcha sachet (12 tea bags) 24gm","inactive",1,"2026-04-17 10:01:11"
"Ito En - Matcha Genmaicha Tea (20 Tea Bags) 40gm","ito en - matcha genmaicha tea (20 tea bags) 40gm","inactive",1,"2026-04-17 10:01:11"
"Ito En - Matcha Oi Ocha Green Tea (Unsweetened) 330ml","ito en - matcha oi ocha green tea (unsweetened) 330ml","inactive",1,"2026-04-17 10:01:11"
"Ito En - Oi Ocha Green Tea (20 Tea Bags) 40gm","ito en - oi ocha green tea (20 tea bags) 40gm","inactive",1,"2026-04-17 10:01:11"
"Ito En - Oi Ocha Green Tea (Unsweetened) 330ml","ito en - oi ocha green tea (unsweetened) 330ml","inactive",1,"2026-04-17 10:01:11"
"Jaimin Dry Fruit Samosa 200g","jaimin dry fruit samosa 200g","inactive",1,"2026-04-17 10:01:11"
"JAIMIN DRY FRUIT SAMOSA – 200g","jaimin dry fruit samosa – 200g","inactive",1,"2026-04-17 10:01:11"
"Jaimin Dry Masala Bhakri 250g","jaimin dry masala bhakri 250g","inactive",1,"2026-04-17 10:01:11"
"JAIMIN DRY MASALA BHAKRI – 250g","jaimin dry masala bhakri – 250g","inactive",1,"2026-04-17 10:01:11"
"Jaimin Dry Plain Bhakri 250g","jaimin dry plain bhakri 250g","inactive",1,"2026-04-17 10:01:11"
"JAIMIN DRY PLAIN BHAKRI – 250g","jaimin dry plain bhakri – 250g","inactive",1,"2026-04-17 10:01:11"
"Jaimin Farali Chevda 200g","jaimin farali chevda 200g","inactive",1,"2026-04-17 10:01:11"
"JAIMIN FARALI CHEVDA – 200g","jaimin farali chevda – 200g","inactive",1,"2026-04-17 10:01:11"
"Jaimin Fenugreek Chilli Khakhra 180g","jaimin fenugreek chilli khakhra 180g","inactive",1,"2026-04-17 10:01:11"
"JAIMIN FENUGREEK CHILLI KHAKHRA – 180g","jaimin fenugreek chilli khakhra – 180g","inactive",1,"2026-04-17 10:01:11"
"Jaimin Garlic Sev Mamra 200g","jaimin garlic sev mamra 200g","inactive",1,"2026-04-17 10:01:11"
"JAIMIN GARLIC SEV MAMRA – 200g","jaimin garlic sev mamra – 200g","inactive",1,"2026-04-17 10:01:11"
"Jaimin Gujarati Chavana Mix 200g","jaimin gujarati chavana mix 200g","inactive",1,"2026-04-17 10:01:11"
"JAIMIN GUJARATI CHAVANA MIX – 200g","jaimin gujarati chavana mix – 200g","inactive",1,"2026-04-17 10:01:11"
"JAIMIN HAJMA HAJAM – 175g","jaimin hajma hajam – 175g","inactive",1,"2026-04-17 10:01:11"
"JAIMIN INST POHA CUP – 100g","jaimin inst poha cup – 100g","inactive",1,"2026-04-17 10:01:11"
"Jaimin Jeera Khakhra 200g","jaimin jeera khakhra 200g","inactive",1,"2026-04-17 10:01:11"
"JAIMIN JEERA KHAKHRA – 200g","jaimin jeera khakhra – 200g","inactive",1,"2026-04-17 10:01:11"
"Jaimin Jeera Puri 200g","jaimin jeera puri 200g","inactive",1,"2026-04-17 10:01:11"
"JAIMIN JEERA PURI – 200g","jaimin jeera puri – 200g","inactive",1,"2026-04-17 10:01:11"
"Jaimin Khara Amla 120g","jaimin khara amla 120g","inactive",1,"2026-04-17 10:01:11"
"JAIMIN KHARA AMLA – 120g","jaimin khara amla – 120g","inactive",1,"2026-04-17 10:01:11"
"Jaimin Makhana Mint Masti 80g","jaimin makhana mint masti 80g","inactive",1,"2026-04-17 10:01:11"
"JAIMIN MAKHANA MINT MASTI – 80g","jaimin makhana mint masti – 80g","inactive",1,"2026-04-17 10:01:11"
"Jaimin Makhana Pepper & Himalayan Salt 80g","jaimin makhana pepper & himalayan salt 80g","inactive",1,"2026-04-17 10:01:11"
"JAIMIN MAKHANA PEPPER & HIMALAYAN SALT – 80g","jaimin makhana pepper & himalayan salt – 80g","inactive",1,"2026-04-17 10:01:11"
"Jellyfish Ultrasonic Humidifier","jellyfish ultrasonic humidifier","inactive",1,"2026-04-17 10:01:11"
"Jesika Metal Fancy Bangles Size 2.10 - Set of 24 - Red","jesika metal fancy bangles size 2.10 - set of 24 - red","inactive",1,"2026-04-17 10:01:11"
"Jesika Metal Fancy Bangles Size 2.10 - Set of 24 - Yellow","jesika metal fancy bangles size 2.10 - set of 24 - yellow","inactive",1,"2026-04-17 10:01:11"
"Jesika- A Metal Bangles Size 2.10 - Set of 24 - Dark Peach","jesika- a metal bangles size 2.10 - set of 24 - dark peach","inactive",1,"2026-04-17 10:01:11"
"Jesika- A Metal Bangles Size 2.10 - Set of 24 - Dark Purple","jesika- a metal bangles size 2.10 - set of 24 - dark purple","inactive",1,"2026-04-17 10:01:11"
"Jesika- A Metal Bangles Size 2.10 - Set of 24 - Gold","jesika- a metal bangles size 2.10 - set of 24 - gold","inactive",1,"2026-04-17 10:01:11"
"Jesika- A Metal Bangles Size 2.10 - Set of 24 - Light Pink","jesika- a metal bangles size 2.10 - set of 24 - light pink","inactive",1,"2026-04-17 10:01:11"
"Jesika- A Metal Bangles Size 2.10 - Set of 24 - Magenta","jesika- a metal bangles size 2.10 - set of 24 - magenta","inactive",1,"2026-04-17 10:01:11"
"Jesika- A Metal Bangles Size 2.10 - Set of 24 - Parrot Green","jesika- a metal bangles size 2.10 - set of 24 - parrot green","inactive",1,"2026-04-17 10:01:11"
"Jesika- A Metal Bangles Size 2.10 - Set of 24 - Red","jesika- a metal bangles size 2.10 - set of 24 - red","inactive",1,"2026-04-17 10:01:11"
"Jesika- A Metal Bangles Size 2.10 - Set of 24 - Red Brown","jesika- a metal bangles size 2.10 - set of 24 - red brown","inactive",1,"2026-04-17 10:01:11"
"Jesika- A Metal Bangles Size 2.10 - Set of 24 - Royal Blue","jesika- a metal bangles size 2.10 - set of 24 - royal blue","inactive",1,"2026-04-17 10:01:11"
"Jesika- A Metal Bangles Size 2.10 - Set of 24 - Yellow","jesika- a metal bangles size 2.10 - set of 24 - yellow","inactive",1,"2026-04-17 10:01:11"
"Jesika- B Metal Bangles Size 2.10 - Set of 24 - Baby Pink","jesika- b metal bangles size 2.10 - set of 24 - baby pink","inactive",1,"2026-04-17 10:01:11"
"Jesika- B Metal Bangles Size 2.10 - Set of 24 - Dark Aqua Green","jesika- b metal bangles size 2.10 - set of 24 - dark aqua green","inactive",1,"2026-04-17 10:01:11"
"Jesika- B Metal Bangles Size 2.10 - Set of 24 - Dark Gray","jesika- b metal bangles size 2.10 - set of 24 - dark gray","inactive",1,"2026-04-17 10:01:11"
"Jesika- B Metal Bangles Size 2.10 - Set of 24 - Dark Olive Green","jesika- b metal bangles size 2.10 - set of 24 - dark olive green","inactive",1,"2026-04-17 10:01:11"
"Jesika- B Metal Bangles Size 2.10 - Set of 24 - Gold Yellow","jesika- b metal bangles size 2.10 - set of 24 - gold yellow","inactive",1,"2026-04-17 10:01:11"
"Jesika- B Metal Bangles Size 2.10 - Set of 24 - Light Aqua Green","jesika- b metal bangles size 2.10 - set of 24 - light aqua green","inactive",1,"2026-04-17 10:01:11"
"Jesika- B Metal Bangles Size 2.10 - Set of 24 - Pastel Pink","jesika- b metal bangles size 2.10 - set of 24 - pastel pink","inactive",1,"2026-04-17 10:01:11"
"Jesika- B Metal Bangles Size 2.10 - Set of 24 - Peach","jesika- b metal bangles size 2.10 - set of 24 - peach","inactive",1,"2026-04-17 10:01:11"
"Jesika- B Metal Bangles Size 2.10 - Set of 24 - Pistacho Green","jesika- b metal bangles size 2.10 - set of 24 - pistacho green","inactive",1,"2026-04-17 10:01:11"
"Jesika- B Metal Bangles Size 2.10 - Set of 24 - Salmon Pink","jesika- b metal bangles size 2.10 - set of 24 - salmon pink","inactive",1,"2026-04-17 10:01:11"
"Jesika- B Metal Bangles Size 2.10 - Set of 24 - Silver","jesika- b metal bangles size 2.10 - set of 24 - silver","inactive",1,"2026-04-17 10:01:11"
"Jesika- B Metal Bangles Size 2.10 - Set of 24 - Sky Blue","jesika- b metal bangles size 2.10 - set of 24 - sky blue","inactive",1,"2026-04-17 10:01:11"
"Johar Joshanda Instant Herbal Tea - 30 Tea Bags","johar joshanda instant herbal tea - 30 tea bags","inactive",1,"2026-04-17 10:01:11"
"Jongga Kimchi - Cut Cabbage (Mat) 500gm BBE. 26.12.2025","jongga kimchi - cut cabbage (mat) 500gm bbe. 26.12.2025","inactive",1,"2026-04-17 10:01:11"
"Juwar Flour | TRS Juwar Flour 1Kg","juwar flour | trs juwar flour 1kg","inactive",1,"2026-04-17 10:01:11"
"K07 Bluetooth Selfie Stick & Tripod","k07 bluetooth selfie stick & tripod","inactive",1,"2026-04-17 10:01:11"
"K2 Smart Watch","k2 smart watch","inactive",1,"2026-04-17 10:01:11"
"KADUKKAI -100G","kadukkai -100g","inactive",1,"2026-04-17 10:01:11"
"Kaneshie African Shop | Beans | 900g","kaneshie african shop | beans | 900g","inactive",1,"2026-04-17 10:01:11"
"Kaneshie African Shop | Fresh Gari | 2Kg","kaneshie african shop | fresh gari | 2kg","inactive",1,"2026-04-17 10:01:11"
"Kaneshie African Shop | Special Banku Mex Flour | 900g","kaneshie african shop | special banku mex flour | 900g","inactive",1,"2026-04-17 10:01:11"
"Kaneshie African Shop | Special Hausa Koko Flour | 400g","kaneshie african shop | special hausa koko flour | 400g","inactive",1,"2026-04-17 10:01:11"
"Kanhaiyalal Glass Bangles Gems work Peach Colour - 6pc","kanhaiyalal glass bangles gems work peach colour - 6pc","inactive",1,"2026-04-17 10:01:11"
"Karwa Chauth Kalender with Kit","karwa chauth kalender with kit","inactive",1,"2026-04-17 10:01:11"
"Keyring Shivji","keyring shivji","inactive",1,"2026-04-17 10:01:11"
"Khanum Ghee- Butterschmalz","khanum ghee- butterschmalz","inactive",1,"2026-04-17 10:01:11"
"Kids Smart Watch with Touch Screen and Camera","kids smart watch with touch screen and camera","inactive",1,"2026-04-17 10:01:11"
"Kings Ragi Flour (Kurakkan Mehl) | Finger Millet Flour – 1kg","kings ragi flour (kurakkan mehl) | finger millet flour – 1kg","inactive",1,"2026-04-17 10:01:11"
"Kings Urid Flour – 1kg | Premium Ground Urad Dal Flour","kings urid flour – 1kg | premium ground urad dal flour","inactive",1,"2026-04-17 10:01:11"
"Kishida Yuzu Juice 150ml","kishida yuzu juice 150ml","inactive",1,"2026-04-17 10:01:11"
"Knorr Hat Nem Nam Huong Organic - 170g","knorr hat nem nam huong organic - 170g","inactive",1,"2026-04-17 10:01:11"
"Korean Style Anti Theft Oxford Backpack","korean style anti theft oxford backpack","inactive",1,"2026-04-17 10:01:11"
"Koriander Bund","koriander bund","inactive",1,"2026-04-17 10:01:11"
"KTC Pure Coconut Oil, 250ml","ktc pure coconut oil, 250ml","inactive",1,"2026-04-17 10:01:11"
"KUMKUM TURMERIC COMBO LEAF SET (10Pc)","kumkum turmeric combo leaf set (10pc)","inactive",1,"2026-04-17 10:01:11"
"Kuza | Jumbo Size | 100% Indian Hemp Hair","kuza | jumbo size | 100% indian hemp hair","inactive",1,"2026-04-17 10:01:11"
"L'Amour Lily Luxury Bag","l'amour lily luxury bag","inactive",1,"2026-04-17 10:01:11"
"Labradorite Stone Ganesha With Certificate","labradorite stone ganesha with certificate","inactive",1,"2026-04-17 10:01:11"
"Lac Jaipuri Bangles  Green","lac jaipuri bangles  green","inactive",1,"2026-04-17 10:01:11"
"Lac Jaipuri Bangles Ferozi 2.6","lac jaipuri bangles ferozi 2.6","inactive",1,"2026-04-17 10:01:11"
"Lac Jaipuri Bangles Red","lac jaipuri bangles red","inactive",1,"2026-04-17 10:01:11"
"Lac Jaipuri Bangles Red 2.8","lac jaipuri bangles red 2.8","inactive",1,"2026-04-17 10:01:11"
"Laddoo Plastic Mould","laddoo plastic mould","inactive",1,"2026-04-17 10:01:11"
"Ladies Watch","ladies watch","inactive",1,"2026-04-17 10:01:11"
"Ladies' Watch Guess","ladies' watch guess","inactive",1,"2026-04-17 10:01:11"
"Ladies' Watch Guess (Ø 28 mm)","ladies' watch guess (Ø 28 mm)","inactive",1,"2026-04-17 10:01:11"
"Lai Shida Racing Game Steering Wheel Compatible Game Console","lai shida racing game steering wheel compatible game console","inactive",1,"2026-04-17 10:01:11"
"Lakshmi Ganesh Saraswati Gold Foil Unframed Art Work - 21cm x 30cm","lakshmi ganesh saraswati gold foil unframed art work - 21cm x 30cm","inactive",1,"2026-04-17 10:01:11"
"LAKSHMI JASMINE INCENSE STICKS (20Sticks) – 1Box","lakshmi jasmine incense sticks (20sticks) – 1box","inactive",1,"2026-04-17 10:01:11"
"Lakshmi Pooja Chandan Tablets - 60pcs","lakshmi pooja chandan tablets - 60pcs","inactive",1,"2026-04-17 10:01:11"
"LAKSHMI PURE COW GHEE DIYA WHITE (100 Pcs) – 1Box","lakshmi pure cow ghee diya white (100 pcs) – 1box","inactive",1,"2026-04-17 10:01:11"
"LAKSHMI ROUND WHITE DIYA BATTI (60 Pcs) – 1 POUCH","lakshmi round white diya batti (60 pcs) – 1 pouch","inactive",1,"2026-04-17 10:01:11"
"LAKSHMI ROUND YELLOW  DIYA BATTI (60pcs) – 1 POUCH","lakshmi round yellow  diya batti (60pcs) – 1 pouch","inactive",1,"2026-04-17 10:01:11"
"Lakshmi Sathyanarayan Mahapooja Samagri - set of 24","lakshmi sathyanarayan mahapooja samagri - set of 24","inactive",1,"2026-04-17 10:01:11"
"LAKSHMI WHITE FLOWER SEWING THREAD (12 Pcs) – 1POUCH","lakshmi white flower sewing thread (12 pcs) – 1pouch","inactive",1,"2026-04-17 10:01:11"
"Lambo Hurricane Building Blocks","lambo hurricane building blocks","inactive",1,"2026-04-17 10:01:11"
"Language Children Learn Toy","language children learn toy","inactive",1,"2026-04-17 10:01:11"
"Lapis Lazuli Stone Ganesha With Certificate","lapis lazuli stone ganesha with certificate","inactive",1,"2026-04-17 10:01:11"
"Laptop Foldable Stand","laptop foldable stand","inactive",1,"2026-04-17 10:01:11"
"Lara Syrup Julep 600ml","lara syrup julep 600ml","inactive",1,"2026-04-17 10:01:11"
"Large Brown Australian Map Quartz Pocket Watch, Vintage Style","large brown australian map quartz pocket watch, vintage style","inactive",1,"2026-04-17 10:01:11"
"Large Capacity Canvas Washing Bag for Men and Women","large capacity canvas washing bag for men and women","inactive",1,"2026-04-17 10:01:11"
"Large Capacity Fashion Travel Bag","large capacity fashion travel bag","inactive",1,"2026-04-17 10:01:11"
"Large Capacity Outdoor Sports Waist Bag","large capacity outdoor sports waist bag","inactive",1,"2026-04-17 10:01:11"
"Large Capacity Student Schoolbag","large capacity student schoolbag","inactive",1,"2026-04-17 10:01:11"
"Large Capacity Travel School Backpack","large capacity travel school backpack","inactive",1,"2026-04-17 10:01:11"
"Large Dial Military Quartz Watch","large dial military quartz watch","inactive",1,"2026-04-17 10:01:11"
"Large Duffle Bags","large duffle bags","inactive",1,"2026-04-17 10:01:11"
"Large HD Screen Smart Watch","large hd screen smart watch","inactive",1,"2026-04-17 10:01:11"
"Large Luxury Watch","large luxury watch","inactive",1,"2026-04-17 10:01:11"
"Large Travel Cosmetic Organizer","large travel cosmetic organizer","inactive",1,"2026-04-17 10:01:11"
"Large Women's Bag Lily Colors","large women's bag lily colors","inactive",1,"2026-04-17 10:01:11"
"Large-Volume Bucket Shoulder Handbag","large-volume bucket shoulder handbag","inactive",1,"2026-04-17 10:01:11"
"Laser Engraved Solar System Globe","laser engraved solar system globe","inactive",1,"2026-04-17 10:01:11"
"Lay's - 52g Spanish Tomato Crisps","lay's - 52g spanish tomato crisps","inactive",1,"2026-04-17 10:01:11"
"Lay's India's Magic Masala 48g","lay's india's magic masala 48g","inactive",1,"2026-04-17 10:01:11"
"Lay’s chips Gesalzen","lay’s chips gesalzen","inactive",1,"2026-04-17 10:01:11"
"Leaf Bowl (Pack of 50) (1pc)","leaf bowl (pack of 50) (1pc)","inactive",1,"2026-04-17 10:01:11"
"Leaf Plate Set of 25 (1pc)","leaf plate set of 25 (1pc)","inactive",1,"2026-04-17 10:01:11"
"Leather Case Keychain Wallet","leather case keychain wallet","inactive",1,"2026-04-17 10:01:11"
"Leather Handbag With Scarf","leather handbag with scarf","inactive",1,"2026-04-17 10:01:11"
"Leather Handbags","leather handbags","inactive",1,"2026-04-17 10:01:11"
"Leather Quartz Watch","leather quartz watch","inactive",1,"2026-04-17 10:01:11"
"Leather Solo Loop bands","leather solo loop bands","inactive",1,"2026-04-17 10:01:11"
"Leather Watch Band","leather watch band","inactive",1,"2026-04-17 10:01:11"
"LED Colorful Flashing Handheld Nozzle","led colorful flashing handheld nozzle","inactive",1,"2026-04-17 10:01:11"
"LED Mirror Clock","led mirror clock","inactive",1,"2026-04-17 10:01:11"
"LED Safety Dog Collar","led safety dog collar","inactive",1,"2026-04-17 10:01:11"
"LED Table Lamp Rose Flower Bonsai Tree Night Lights Garland","led table lamp rose flower bonsai tree night lights garland","inactive",1,"2026-04-17 10:01:11"
"LED Temperature Display Water Bottle","led temperature display water bottle","inactive",1,"2026-04-17 10:01:11"
"LED Wood Wireless USB Night Light Magnetic Wall Lamp","led wood wireless usb night light magnetic wall lamp","inactive",1,"2026-04-17 10:01:11"
"Lee Kum Kee - Panda Dipping Plate- Diameter 7cm","lee kum kee - panda dipping plate- diameter 7cm","inactive",1,"2026-04-17 10:01:11"
"Leisure Belt Watches","leisure belt watches","inactive",1,"2026-04-17 10:01:11"
"Lemon Face Skin Cleanser","lemon face skin cleanser","inactive",1,"2026-04-17 10:01:11"
"Libiyi Smartwatch","libiyi smartwatch","inactive",1,"2026-04-17 10:01:11"
"Life Watch Smartwatch","life watch smartwatch","inactive",1,"2026-04-17 10:01:11"
"LIGE 2021 New Steel Band Smart Watch","lige 2021 new steel band smart watch","inactive",1,"2026-04-17 10:01:11"
"LIGE New Fashion Mens Watches","lige new fashion mens watches","inactive",1,"2026-04-17 10:01:11"
"Lige Watch","lige watch","inactive",1,"2026-04-17 10:01:11"
"Lightweight Mini Camping Stove","lightweight mini camping stove","inactive",1,"2026-04-17 10:01:11"
"Lijjat Papad Red Chilli 200gm","lijjat papad red chilli 200gm","inactive",1,"2026-04-17 10:01:11"
"Lijjat Punjabi Papad - 200g","lijjat punjabi papad - 200g","inactive",1,"2026-04-17 10:01:11"
"Lipton Yellow Label (100 Tea Bags) 150gm","lipton yellow label (100 tea bags) 150gm","inactive",1,"2026-04-17 10:01:11"
"Lipton Yellow Label 100 bags","lipton yellow label 100 bags","inactive",1,"2026-04-17 10:01:11"
"Lipton Yellow Label-100 Tea Bags","lipton yellow label-100 tea bags","inactive",1,"2026-04-17 10:01:11"
"Liquid Lipstick - Certified Organic","liquid lipstick - certified organic","inactive",1,"2026-04-17 10:01:11"
"Liquid Thorn Earphone Case Creative Protective Cover 3D Printing Trendy Cool Gift","liquid thorn earphone case creative protective cover 3d printing trendy cool gift","inactive",1,"2026-04-17 10:01:11"
"Little Luxe Travel Crib Bag","little luxe travel crib bag","inactive",1,"2026-04-17 10:01:11"
"LK 6 Pack for Apple Watch 41mm / 40mm Screen Protector (Series 8 & 7 & 6) [Upgrade Flexible Film] Self-Healing, Ultra-thin Screen protector for Apple Watch 41mm, Touch Sensitive, Bubble Free","lk 6 pack for apple watch 41mm / 40mm screen protector (series 8 & 7 & 6) [upgrade flexible film] self-healing, ultra-thin screen protector for apple watch 41mm, touch sensitive, bubble free","inactive",1,"2026-04-17 10:01:11"
"LKK Premium Dark Soy Sauce - 150ml","lkk premium dark soy sauce - 150ml","inactive",1,"2026-04-17 10:01:11"
"LKK Premium Dark Soy Sauce - 500ml","lkk premium dark soy sauce - 500ml","inactive",1,"2026-04-17 10:01:11"
"LKK Premium Dark Soy Sauce 150ml","lkk premium dark soy sauce 150ml","inactive",1,"2026-04-17 10:01:11"
"Locator Wallet Case","locator wallet case","inactive",1,"2026-04-17 10:01:11"
"LOKMAT ATTACK Full Touch Screen Fitness Tracker Smart Watch","lokmat attack full touch screen fitness tracker smart watch","inactive",1,"2026-04-17 10:01:11"
"Long beans","long beans","inactive",1,"2026-04-17 10:01:11"
"Long Chain Necklace","long chain necklace","inactive",1,"2026-04-17 10:01:11"
"Long grain Basmati Rice | AAT Aroma Platinum Extra Long","long grain basmati rice | aat aroma platinum extra long","inactive",1,"2026-04-17 10:01:11"
"Long Purse Wallet","long purse wallet","inactive",1,"2026-04-17 10:01:11"
"Long Wallets Geometric","long wallets geometric","inactive",1,"2026-04-17 10:01:11"
"Longines Master Collection Automatic Watch","longines master collection automatic watch","inactive",1,"2026-04-17 10:01:11"
"Lotus Brand - Pickled Mustard Cabbage - 350g","lotus brand - pickled mustard cabbage - 350g","inactive",1,"2026-04-17 10:01:11"
"Lotus Design Shubh Labh 4 sides","lotus design shubh labh 4 sides","inactive",1,"2026-04-17 10:01:11"
"Lotus Design Shubh Labh Round","lotus design shubh labh round","inactive",1,"2026-04-17 10:01:11"
"LOTUS ETHNIC MEN’S COTTON GOLD ZARI SINGLE DOTHI (2.00Mts)- 1Pc","lotus ethnic men’s cotton gold zari single dothi (2.00mts)- 1pc","inactive",1,"2026-04-17 10:01:11"
"Lovers Couple Watches","lovers couple watches","inactive",1,"2026-04-17 10:01:11"
"Lu Milco Lu 90g","lu milco lu 90g","inactive",1,"2026-04-17 10:01:11"
"Luciu de Buze Beautiful Color Elizabeth Arden","luciu de buze beautiful color elizabeth arden","inactive",1,"2026-04-17 10:01:11"
"Ludo with  Snakes & Ladder","ludo with  snakes & ladder","inactive",1,"2026-04-17 10:01:11"
"Luminarc -Set of 18 Dinner Plates","luminarc -set of 18 dinner plates","inactive",1,"2026-04-17 10:01:11"
"Luminous Hourglass with Sand Painting","luminous hourglass with sand painting","inactive",1,"2026-04-17 10:01:11"
"Luminous Men's Watch","luminous men's watch","inactive",1,"2026-04-17 10:01:11"
"Luminous RGB LED Lights Desktop Gaming Mouse Pad","luminous rgb led lights desktop gaming mouse pad","inactive",1,"2026-04-17 10:01:11"
"LUNGI – 1pcs","lungi – 1pcs","inactive",1,"2026-04-17 10:01:11"
"Luxurious Double Bed Bedsheet Cover Set 2 sided Pillows","luxurious double bed bedsheet cover set 2 sided pillows","inactive",1,"2026-04-17 10:01:11"
"Luxury Brand Rose Gold Watch","luxury brand rose gold watch","inactive",1,"2026-04-17 10:01:11"
"Luxury Clover Chain Strap for Samsung Galaxy Watch","luxury clover chain strap for samsung galaxy watch","inactive",1,"2026-04-17 10:01:11"
"Luxury Fashion Women's Quartz Watch","luxury fashion women's quartz watch","inactive",1,"2026-04-17 10:01:11"
"Luxury Gold Watch For Men","luxury gold watch for men","inactive",1,"2026-04-17 10:01:11"
"Luxury Irregular Aluminum Alloy Bumper Case","luxury irregular aluminum alloy bumper case","inactive",1,"2026-04-17 10:01:11"
"Luxury Men Watch","luxury men watch","inactive",1,"2026-04-17 10:01:11"
"Luxury Men's Business Watch","luxury men's business watch","inactive",1,"2026-04-17 10:01:11"
"Luxury Metal Diamond Bracelet for Apple Watch","luxury metal diamond bracelet for apple watch","inactive",1,"2026-04-17 10:01:11"
"Luxury Moon Phase Mechanical Watches","luxury moon phase mechanical watches","inactive",1,"2026-04-17 10:01:11"
"Luxury Quartz Watches Men Brand NAKZEN Men's Business Sport Watch Waterproof Chronograph Wristwatches Relogio Masculino","luxury quartz watches men brand nakzen men's business sport watch waterproof chronograph wristwatches relogio masculino","inactive",1,"2026-04-17 10:01:11"
"Luxury Sequin Embroidery Women's Patent Leather Handbag","luxury sequin embroidery women's patent leather handbag","inactive",1,"2026-04-17 10:01:11"
"Luxury Silicone Sport Chronograph Men's Watch","luxury silicone sport chronograph men's watch","inactive",1,"2026-04-17 10:01:11"
"Luxury Sport Quartz Wrist Watch","luxury sport quartz wrist watch","inactive",1,"2026-04-17 10:01:11"
"Luxury Sport Square Leather Watch","luxury sport square leather watch","inactive",1,"2026-04-17 10:01:11"
"Luxury Sports Cars Watch","luxury sports cars watch","inactive",1,"2026-04-17 10:01:11"
"Luxury Watch","luxury watch","inactive",1,"2026-04-17 10:01:11"
"Luxury Watch For Men","luxury watch for men","inactive",1,"2026-04-17 10:01:11"
"Luxury Wooden Chronograph Watch for Men","luxury wooden chronograph watch for men","inactive",1,"2026-04-17 10:01:11"
"Lvpai Ros  Fashion Watch","lvpai ros  fashion watch","inactive",1,"2026-04-17 10:01:11"
"LÁPIZ DE CEJAS MECÁNICO #castaño medio","lÁpiz de cejas mecÁnico #castaño medio","inactive",1,"2026-04-17 10:01:11"
"Lápis de Olhos Beter 97546 Verde Jade","lápis de olhos beter 97546 verde jade","inactive",1,"2026-04-17 10:01:11"
"Lápis para Sobrancelhas Maybelline Express Brow Nº 04 Medium Brown 4,3 g","lápis para sobrancelhas maybelline express brow nº 04 medium brown 4,3 g","inactive",1,"2026-04-17 10:01:11"
"M&S Decafe Coffeebags no 4 Rich Roast - 75g","m&s decafe coffeebags no 4 rich roast - 75g","inactive",1,"2026-04-17 10:01:11"
"Machiaj pentru Ochi LeClerc Look Parisienne 2 Piese Nº 02 Brun","machiaj pentru ochi leclerc look parisienne 2 piese nº 02 brun","inactive",1,"2026-04-17 10:01:11"
"Madam Maida Refined Wheat Flour 1Kg","madam maida refined wheat flour 1kg","inactive",1,"2026-04-17 10:01:11"
"MADAM MAIDA – 500g","madam maida – 500g","inactive",1,"2026-04-17 10:01:11"
"Madam Rice Atta | Rice Flour 1Kg","madam rice atta | rice flour 1kg","inactive",1,"2026-04-17 10:01:11"
"Madras Munch Banana Chips (Chilli) 200g","madras munch banana chips (chilli) 200g","inactive",1,"2026-04-17 10:01:11"
"Madras Munch Banana Chips (Pepper) 200g","madras munch banana chips (pepper) 200g","inactive",1,"2026-04-17 10:01:11"
"Madras Munch Banana Chips (Salted) 200g","madras munch banana chips (salted) 200g","inactive",1,"2026-04-17 10:01:11"
"Mae Krua Thai Oyster Sauce - 150ml","mae krua thai oyster sauce - 150ml","inactive",1,"2026-04-17 10:01:11"
"Mae Krua Thai Oyster Sauce - 300ml","mae krua thai oyster sauce - 300ml","inactive",1,"2026-04-17 10:01:11"
"Mae Krua Thai Oyster Sauce - 600ml","mae krua thai oyster sauce - 600ml","inactive",1,"2026-04-17 10:01:11"
"Maggi 2-Minute Noodles Masala (70g)","maggi 2-minute noodles masala (70g)","inactive",1,"2026-04-17 10:01:11"
"Maggi 2-Minute Noodles Masala (Bundle of 5 x 70g)","maggi 2-minute noodles masala (bundle of 5 x 70g)","inactive",1,"2026-04-17 10:01:11"
"Maggi 2-Minute Noodles Masala 560g","maggi 2-minute noodles masala 560g","inactive",1,"2026-04-17 10:01:11"
"Maggi Chicken Noodles 284g","maggi chicken noodles 284g","inactive",1,"2026-04-17 10:01:11"
"Maggi Chicken Noodles 420g","maggi chicken noodles 420g","inactive",1,"2026-04-17 10:01:11"
"MAGGI CHICKEN NOODLES – 71g","maggi chicken noodles – 71g","inactive",1,"2026-04-17 10:01:11"
"Maggi Tomato Ketchup 190g","maggi tomato ketchup 190g","inactive",1,"2026-04-17 10:01:11"
"Maggie Masala 8er","maggie masala 8er","inactive",1,"2026-04-17 10:01:11"
"Magic Rainbow Coloring Book","magic rainbow coloring book","inactive",1,"2026-04-17 10:01:11"
"Magic USBC  Rope","magic usbc  rope","inactive",1,"2026-04-17 10:01:11"
"Magnetic Closure Airtag Slide Wallet","magnetic closure airtag slide wallet","inactive",1,"2026-04-17 10:01:11"
"Magnetic Double Section Watch Strap","magnetic double section watch strap","inactive",1,"2026-04-17 10:01:11"
"Magnetic Foldable Phone Holder with Suction Cup","magnetic foldable phone holder with suction cup","inactive",1,"2026-04-17 10:01:11"
"Magnetic Lash Applicator Clip - Easy Wear Aid","magnetic lash applicator clip - easy wear aid","inactive",1,"2026-04-17 10:01:11"
"Magnetic Levitation Bluetooth Speaker","magnetic levitation bluetooth speaker","inactive",1,"2026-04-17 10:01:11"
"Magnetic Loop Strap For Apple Watch","magnetic loop strap for apple watch","inactive",1,"2026-04-17 10:01:11"
"MAGNETIC MEGAHOLD DEMI WISPIES pestañas 1 u","magnetic megahold demi wispies pestañas 1 u","inactive",1,"2026-04-17 10:01:11"
"Magnetic Tablet Metal Stand Holder","magnetic tablet metal stand holder","inactive",1,"2026-04-17 10:01:11"
"Magnetic Watch For Men","magnetic watch for men","inactive",1,"2026-04-17 10:01:11"
"Magnetic Wireless Charging Mouse Pad","magnetic wireless charging mouse pad","inactive",1,"2026-04-17 10:01:11"
"Magnetic Wireless Power Bank","magnetic wireless power bank","inactive",1,"2026-04-17 10:01:11"
"Mahram Thousand Island Sauce","mahram thousand island sauce","inactive",1,"2026-04-17 10:01:11"
"Make Up Brush Bag","make up brush bag","inactive",1,"2026-04-17 10:01:11"
"Mama Cup Chicken Flavour 70g","mama cup chicken flavour 70g","inactive",1,"2026-04-17 10:01:11"
"Mama Cup Noodles - Shrimp Creamy Tom Yum 70gm","mama cup noodles - shrimp creamy tom yum 70gm","inactive",1,"2026-04-17 10:01:11"
"Mama Instant Bean Vermicelli - Clear Soup 40gm","mama instant bean vermicelli - clear soup 40gm","inactive",1,"2026-04-17 10:01:11"
"MAMA Instant Cup Noodles Shrimp Tom Yum - 70g","mama instant cup noodles shrimp tom yum - 70g","inactive",1,"2026-04-17 10:01:11"
"MAMA Instant Noodle Ramen Duck - 60g","mama instant noodle ramen duck - 60g","inactive",1,"2026-04-17 10:01:11"
"Mama's Choice Fufu Mix Plantain  | Fufu Flour 624g","mama's choice fufu mix plantain  | fufu flour 624g","inactive",1,"2026-04-17 10:01:11"
"Mango Leaves 10pcs","mango leaves 10pcs","inactive",1,"2026-04-17 10:01:11"
"Mango Leaves 4 Pc","mango leaves 4 pc","inactive",1,"2026-04-17 10:01:11"
"MANGO LEAVES – 50g","mango leaves – 50g","inactive",1,"2026-04-17 10:01:11"
"Manimark Kamarkat (100g)","manimark kamarkat (100g)","inactive",1,"2026-04-17 10:01:11"
"Manimark Kamarkat 100g","manimark kamarkat 100g","inactive",1,"2026-04-17 10:01:11"
"MANIMARK KAMARKAT – 100g","manimark kamarkat – 100g","inactive",1,"2026-04-17 10:01:11"
"MANIOC – (800g-1Kg)","manioc – (800g-1kg)","inactive",1,"2026-04-17 10:01:11"
"MANY PITS TRADITIONAL WOODEN BOARD GAME (1 Pc)","many pits traditional wooden board game (1 pc)","inactive",1,"2026-04-17 10:01:11"
"Maquilhagem em Barra Catrice Magic Shaper Nº 010 Light 9 g","maquilhagem em barra catrice magic shaper nº 010 light 9 g","inactive",1,"2026-04-17 10:01:11"
"Marble and PU Leather Watch Holder Stand e","marble and pu leather watch holder stand e","inactive",1,"2026-04-17 10:01:11"
"Marble Ganeshji Statue","marble ganeshji statue","inactive",1,"2026-04-17 10:01:11"
"Marble Mortar & Pestle","marble mortar & pestle","inactive",1,"2026-04-17 10:01:11"
"Marble Mortar & Pestle Small","marble mortar & pestle small","inactive",1,"2026-04-17 10:01:11"
"Marble Shivling with Nandi","marble shivling with nandi","inactive",1,"2026-04-17 10:01:11"
"Marble Shivling with Nandi in Temple Form","marble shivling with nandi in temple form","inactive",1,"2026-04-17 10:01:11"
"Marble Statue Buddha Incense Stick Holder","marble statue buddha incense stick holder","inactive",1,"2026-04-17 10:01:11"
"Marble Statue Elephant Decor - 4 Colours","marble statue elephant decor - 4 colours","inactive",1,"2026-04-17 10:01:11"
"Marble Statue Ganesha Incense Stick Holder","marble statue ganesha incense stick holder","inactive",1,"2026-04-17 10:01:11"
"Masala Dabba | Spice Sorter Box | Anjaraipetti (See-through Glass Top Lid)","masala dabba | spice sorter box | anjaraipetti (see-through glass top lid)","inactive",1,"2026-04-17 10:01:11"
"Masculino Diamond Quartz Watches","masculino diamond quartz watches","inactive",1,"2026-04-17 10:01:11"
"Masculino II","masculino ii","inactive",1,"2026-04-17 10:01:11"
"Masculino LIGE","masculino lige","inactive",1,"2026-04-17 10:01:11"
"MASTERPIECE high precision liquid eyeliner #015-charcoal","masterpiece high precision liquid eyeliner #015-charcoal","inactive",1,"2026-04-17 10:01:11"
"Mata Charan Sticker Big","mata charan sticker big","inactive",1,"2026-04-17 10:01:11"
"MATT PRO INK flüssiger Lippenstift Nr. 150, nicht übertragend, 5 ml","matt pro ink flüssiger lippenstift nr. 150, nicht übertragend, 5 ml","inactive",1,"2026-04-17 10:01:11"
"Mauli or Kalawa","mauli or kalawa","inactive",1,"2026-04-17 10:01:11"
"Maya-A Metal Bangles Size 2.10- - Set of 24 - Golden","maya-a metal bangles size 2.10- - set of 24 - golden","inactive",1,"2026-04-17 10:01:11"
"Maya-A Metal Bangles Size 2.10- - Set of 24 - Light Peach","maya-a metal bangles size 2.10- - set of 24 - light peach","inactive",1,"2026-04-17 10:01:11"
"Maya-A Metal Bangles Size 2.10- - Set of 24 - Magenta","maya-a metal bangles size 2.10- - set of 24 - magenta","inactive",1,"2026-04-17 10:01:11"
"Maya-A Metal Bangles Size 2.10- - Set of 24 - Olive Green","maya-a metal bangles size 2.10- - set of 24 - olive green","inactive",1,"2026-04-17 10:01:11"
"Maya-A Metal Bangles Size 2.10- - Set of 24 - Pink","maya-a metal bangles size 2.10- - set of 24 - pink","inactive",1,"2026-04-17 10:01:11"
"Maya-A Metal Bangles Size 2.10- - Set of 24 - Red","maya-a metal bangles size 2.10- - set of 24 - red","inactive",1,"2026-04-17 10:01:11"
"Maya-A Metal Bangles Size 2.10- - Set of 24 - Royal Blue","maya-a metal bangles size 2.10- - set of 24 - royal blue","inactive",1,"2026-04-17 10:01:11"
"Maya-A Metal Bangles Size 2.10- - Set of 24 - White","maya-a metal bangles size 2.10- - set of 24 - white","inactive",1,"2026-04-17 10:01:11"
"Maya-A Metal Bangles Size 2.10- - Set of 24 - Yellow","maya-a metal bangles size 2.10- - set of 24 - yellow","inactive",1,"2026-04-17 10:01:11"
"Maya-B Metal Bangles Size 2.10 - Set of 24 - Baby Pink","maya-b metal bangles size 2.10 - set of 24 - baby pink","inactive",1,"2026-04-17 10:01:11"
"Maya-B Metal Bangles Size 2.10 - Set of 24 - Black","maya-b metal bangles size 2.10 - set of 24 - black","inactive",1,"2026-04-17 10:01:11"
"Maya-B Metal Bangles Size 2.10 - Set of 24 - Dark Peach","maya-b metal bangles size 2.10 - set of 24 - dark peach","inactive",1,"2026-04-17 10:01:11"
"Maya-B Metal Bangles Size 2.10 - Set of 24 - Firozi","maya-b metal bangles size 2.10 - set of 24 - firozi","inactive",1,"2026-04-17 10:01:11"
"Maya-B Metal Bangles Size 2.10 - Set of 24 - Golden","maya-b metal bangles size 2.10 - set of 24 - golden","inactive",1,"2026-04-17 10:01:11"
"Maya-B Metal Bangles Size 2.10 - Set of 24 - Gray","maya-b metal bangles size 2.10 - set of 24 - gray","inactive",1,"2026-04-17 10:01:11"
"Maya-B Metal Bangles Size 2.10 - Set of 24 - Green","maya-b metal bangles size 2.10 - set of 24 - green","inactive",1,"2026-04-17 10:01:11"
"Maya-B Metal Bangles Size 2.10 - Set of 24 - Pink","maya-b metal bangles size 2.10 - set of 24 - pink","inactive",1,"2026-04-17 10:01:11"
"Maya-B Metal Bangles Size 2.10 - Set of 24 - Red","maya-b metal bangles size 2.10 - set of 24 - red","inactive",1,"2026-04-17 10:01:11"
"Maya-B Metal Bangles Size 2.10 - Set of 24 - Silver","maya-b metal bangles size 2.10 - set of 24 - silver","inactive",1,"2026-04-17 10:01:11"
"Maya-B Metal Bangles Size 2.10 - Set of 24 - White","maya-b metal bangles size 2.10 - set of 24 - white","inactive",1,"2026-04-17 10:01:11"
"Maya-B Metal Bangles Size 2.10 - Set of 24 - Yellow","maya-b metal bangles size 2.10 - set of 24 - yellow","inactive",1,"2026-04-17 10:01:11"
"MDH - Anardana Powder","mdh - anardana powder","inactive",1,"2026-04-17 10:01:11"
"MDH Achari Chicken Masala (100g)","mdh achari chicken masala (100g)","inactive",1,"2026-04-17 10:01:11"
"MDH Achari Chicken Masala 100g","mdh achari chicken masala 100g","inactive",1,"2026-04-17 10:01:11"
"MDH ACHARI CHICKEN MASALA – 100g","mdh achari chicken masala – 100g","inactive",1,"2026-04-17 10:01:11"
"MDH Anardana powder 100g","mdh anardana powder 100g","inactive",1,"2026-04-17 10:01:11"
"MDH ANARDANA POWDER – 100g","mdh anardana powder – 100g","inactive",1,"2026-04-17 10:01:11"
"MDH Hyderabadi Biryani 50gm","mdh hyderabadi biryani 50gm","inactive",1,"2026-04-17 10:01:11"
"MDH Jal Jeera 100g","mdh jal jeera 100g","inactive",1,"2026-04-17 10:01:11"
"MDH Jal Jeera 100gm","mdh jal jeera 100gm","inactive",1,"2026-04-17 10:01:11"
"MDH: 100g Anardana Powder","mdh: 100g anardana powder","inactive",1,"2026-04-17 10:01:11"
"MDH: 100g Jal Jeera","mdh: 100g jal jeera","inactive",1,"2026-04-17 10:01:11"
"MDS TOOR DAL ( Pigeon Pea ) - 1Kg","mds toor dal ( pigeon pea ) - 1kg","inactive",1,"2026-04-17 10:01:11"
"MDS Toor Dal - 500g","mds toor dal - 500g","inactive",1,"2026-04-17 10:01:11"
"MDS Wicket Keeping Gloves- Tape Ball Gloves","mds wicket keeping gloves- tape ball gloves","inactive",1,"2026-04-17 10:01:11"
"Meal Tray - No. 14","meal tray - no. 14","inactive",1,"2026-04-17 10:01:11"
"Meat Grinder Double Mixing Blade","meat grinder double mixing blade","inactive",1,"2026-04-17 10:01:11"
"Mechanical Keyboard Wired","mechanical keyboard wired","inactive",1,"2026-04-17 10:01:11"
"Mechanical Watch","mechanical watch","inactive",1,"2026-04-17 10:01:11"
"Mechanical Watch with GMT Function","mechanical watch with gmt function","inactive",1,"2026-04-17 10:01:11"
"Medimix: 125g Classic Dark Green Soap","medimix: 125g classic dark green soap","inactive",1,"2026-04-17 10:01:11"
"Meezo mix 0.5 L","meezo mix 0.5 l","inactive",1,"2026-04-17 10:01:11"
"Mega Game Retro","mega game retro","inactive",1,"2026-04-17 10:01:11"
"Megachef Kecap Manis | Premium Sweet Dark Soy Sauce | 200ml","megachef kecap manis | premium sweet dark soy sauce | 200ml","inactive",1,"2026-04-17 10:01:11"
"Megachef Nuroc Mam Nhi","megachef nuroc mam nhi","inactive",1,"2026-04-17 10:01:11"
"MEGIR Big Dial Watches Men Quartz Military Watch Silicone Strap Sport Watch Waterproof Clock Male Chronograph Relogio Masculino","megir big dial watches men quartz military watch silicone strap sport watch waterproof clock male chronograph relogio masculino","inactive",1,"2026-04-17 10:01:11"
"MEGIR Brand Luxury Sport Quartz Watch Silicone Chronograph Men Wristwatches Waterproof Male Calendar Clock Wrist Watch 2101","megir brand luxury sport quartz watch silicone chronograph men wristwatches waterproof male calendar clock wrist watch 2101","inactive",1,"2026-04-17 10:01:11"
"MEGIR Chronograph Men Sport Watch Fashion Silicone Army Military Watches Relogio Masculino Quartz Wrist Watch Clock Men 2056","megir chronograph men sport watch fashion silicone army military watches relogio masculino quartz wrist watch clock men 2056","inactive",1,"2026-04-17 10:01:11"
"MEGIR Fashion Business Casual Watch for Women Sapphire Automatic Mechanical Wrist Watch Ladies Stainless Steel Female Date Clock","megir fashion business casual watch for women sapphire automatic mechanical wrist watch ladies stainless steel female date clock","inactive",1,"2026-04-17 10:01:11"
"MEGIR Fashion Men Watches Luxury Business Watch for Men Stainless Steel Quartz Wrist Watch Calendar Date Clock Reloj Hombre 2065","megir fashion men watches luxury business watch for men stainless steel quartz wrist watch calendar date clock reloj hombre 2065","inactive",1,"2026-04-17 10:01:11"
"MEGIR Fashion Men's Watches Silicone Military Sport Watch Waterproof Date Chronograph Clock Wrist Watch Relogio Masculino 2065","megir fashion men's watches silicone military sport watch waterproof date chronograph clock wrist watch relogio masculino 2065","inactive",1,"2026-04-17 10:01:11"
"MEGIR Fashion Mens Watch Top Brand Luxury Sports Watches Waterproof Quartz Clock Leather Military Wrist Watch Relogio Masculino","megir fashion mens watch top brand luxury sports watches waterproof quartz clock leather military wrist watch relogio masculino","inactive",1,"2026-04-17 10:01:11"
"MEGIR Fashion Women Watch Luxury Diamond Leather Ladies Bracelet Watch Female Quartz Wristwatches Dress Clock Relogio Feminino","megir fashion women watch luxury diamond leather ladies bracelet watch female quartz wristwatches dress clock relogio feminino","inactive",1,"2026-04-17 10:01:11"
"MEGIR Luxury Men Watches Stainless Steel Automatic Mechanical Watch Sapphire Steel Case Business WristWatch Montre Homme","megir luxury men watches stainless steel automatic mechanical watch sapphire steel case business wristwatch montre homme","inactive",1,"2026-04-17 10:01:11"
"MEGIR Luxury Outdoor Sport Wristwatch for Mens Silicone Waterproof Watches Quartz Wrist Watch Male Clock Military Watch 2218","megir luxury outdoor sport wristwatch for mens silicone waterproof watches quartz wrist watch male clock military watch 2218","inactive",1,"2026-04-17 10:01:11"
"MEGIR Luxury Watch Mens Business Watches Calendar Stainless Steel Quartz Wrist Watch Clock Casual Chronograph Relogio Masculino","megir luxury watch mens business watches calendar stainless steel quartz wrist watch clock casual chronograph relogio masculino","inactive",1,"2026-04-17 10:01:11"
"MEGIR Luxury Women Watches Fashion Quartz Watch Ladies Clock Stainless Steel Waterproof Female Watch Relogio Feminino 7014","megir luxury women watches fashion quartz watch ladies clock stainless steel waterproof female watch relogio feminino 7014","inactive",1,"2026-04-17 10:01:11"
"MEGIR Men Watch Hollow Out Automatic Mechanical Stainless Steel Wristwatch Waterproof Luxury Business Wrist Watch Montre Homme","megir men watch hollow out automatic mechanical stainless steel wristwatch waterproof luxury business wrist watch montre homme","inactive",1,"2026-04-17 10:01:11"
"MEGIR Men's Quartz Watch Top Brand Luxury Wristwatch Waterproof Business Clock Date Wrist Watch Chronograph reloj hombre 2011","megir men's quartz watch top brand luxury wristwatch waterproof business clock date wrist watch chronograph reloj hombre 2011","inactive",1,"2026-04-17 10:01:11"
"MEGIR Men's Quartz Wrist Watch Stainless Steel Band Chronograph Watches Luminous Waterproof Wristwatch Man Clock Military Watch","megir men's quartz wrist watch stainless steel band chronograph watches luminous waterproof wristwatch man clock military watch","inactive",1,"2026-04-17 10:01:11"
"MEGIR Men's Watches Waterproof Sports Wristwatches Quartz Watch Chronograph Luminous Male Clock Calendar Relogio Masculino","megir men's watches waterproof sports wristwatches quartz watch chronograph luminous male clock calendar relogio masculino","inactive",1,"2026-04-17 10:01:11"
"MEGIR Mens' Watches Luxury Fashion Military Sport Watch for Man Waterproof Luminous Silicone Quartz Wrist Watch Clock 2211","megir mens' watches luxury fashion military sport watch for man waterproof luminous silicone quartz wrist watch clock 2211","inactive",1,"2026-04-17 10:01:11"
"MEGIR Original Brand Luxury Watch Men's Sport Watches Leather Strap Watch Quartz Wristwatches Luminous Casual Relogio Masculino","megir original brand luxury watch men's sport watches leather strap watch quartz wristwatches luminous casual relogio masculino","inactive",1,"2026-04-17 10:01:11"
"Megir Original Watch Box","megir original watch box","inactive",1,"2026-04-17 10:01:11"
"MEGIR Original Watch Strap Accessories Leather Silicone Stainless Steel Canvas","megir original watch strap accessories leather silicone stainless steel canvas","inactive",1,"2026-04-17 10:01:11"
"MEGIR Sport Watch Silicone Strap Chronograph Men Quartz Military Watch Waterproof Wrist Watches Relogio Masculino Man Clock","megir sport watch silicone strap chronograph men quartz military watch waterproof wrist watches relogio masculino man clock","inactive",1,"2026-04-17 10:01:11"
"MEGIR Watch Men's Military Sport Wrist Watches Waterproof Leather Quartz Chronograph Calendar Luminous Clock Watch for Man 2081","megir watch men's military sport wrist watches waterproof leather quartz chronograph calendar luminous clock watch for man 2081","inactive",1,"2026-04-17 10:01:11"
"MEGIR Watches for Women Top Brand Fashion Ladies Wristwatch Waterproof Female Quartz Luxury Watch Montre Femme","megir watches for women top brand fashion ladies wristwatch waterproof female quartz luxury watch montre femme","inactive",1,"2026-04-17 10:01:11"
"MEGIR Watches Mens Luxury Sports Military Watch Waterproof Luminous Quartz Wrist Watch Leather Casual Man Chronograph Clock","megir watches mens luxury sports military watch waterproof luminous quartz wrist watch leather casual man chronograph clock","inactive",1,"2026-04-17 10:01:11"
"Memory Foam Silk Sleep Mask & Eye Patches","memory foam silk sleep mask & eye patches","inactive",1,"2026-04-17 10:01:11"
"Men 3D Real Wheel Watches","men 3d real wheel watches","inactive",1,"2026-04-17 10:01:11"
"Men Luxury Brand Watch","men luxury brand watch","inactive",1,"2026-04-17 10:01:11"
"Men Quartz Watch","men quartz watch","inactive",1,"2026-04-17 10:01:11"
"Men Sports Watch Auto Wheel Watches","men sports watch auto wheel watches","inactive",1,"2026-04-17 10:01:11"
"Men's  Stainless Steel Watch","men's  stainless steel watch","inactive",1,"2026-04-17 10:01:11"
"Men's 3D Car Wheel Sports Watch - Waterproof Quartz","men's 3d car wheel sports watch - waterproof quartz","inactive",1,"2026-04-17 10:01:11"
"Men's Automatic Watches","men's automatic watches","inactive",1,"2026-04-17 10:01:11"
"Men's Business Casual Watch, Steel Band Quartz, Waterproof","men's business casual watch, steel band quartz, waterproof","inactive",1,"2026-04-17 10:01:11"
"Men's Business Watch Set","men's business watch set","inactive",1,"2026-04-17 10:01:11"
"Men's Calendar Quartz  Diamond Watch","men's calendar quartz  diamond watch","inactive",1,"2026-04-17 10:01:11"
"Men's Canvas Crossbody Bag","men's canvas crossbody bag","inactive",1,"2026-04-17 10:01:11"
"Men's Canvas Shoulder Messenger Bag","men's canvas shoulder messenger bag","inactive",1,"2026-04-17 10:01:11"
"Men's Casual Leather Watch","men's casual leather watch","inactive",1,"2026-04-17 10:01:11"
"Men's Crossbody Casual  Bag","men's crossbody casual  bag","inactive",1,"2026-04-17 10:01:11"
"Men's Elegant Wrist Watches","men's elegant wrist watches","inactive",1,"2026-04-17 10:01:11"
"Men's Fashion Automatic Mechanical Watch with Water Resistance","men's fashion automatic mechanical watch with water resistance","inactive",1,"2026-04-17 10:01:11"
"Men's Fashion Nylon Band Military Sports Watch","men's fashion nylon band military sports watch","inactive",1,"2026-04-17 10:01:11"
"Men's Fashionable Waterproof Silicone Quartz Watch","men's fashionable waterproof silicone quartz watch","inactive",1,"2026-04-17 10:01:11"
"Men's Full Black Slim Simple Unisex Wristwatch","men's full black slim simple unisex wristwatch","inactive",1,"2026-04-17 10:01:11"
"Men's Luxury Crystal Watches","men's luxury crystal watches","inactive",1,"2026-04-17 10:01:11"
"Men's Luxury Leather Sports Watch","men's luxury leather sports watch","inactive",1,"2026-04-17 10:01:11"
"Men's Mechanical Glass Watch","men's mechanical glass watch","inactive",1,"2026-04-17 10:01:11"
"Men's Multifunctional Chest Bag","men's multifunctional chest bag","inactive",1,"2026-04-17 10:01:11"
"Men's New Automatic Waterproof Hollow Mechanical Watch","men's new automatic waterproof hollow mechanical watch","inactive",1,"2026-04-17 10:01:11"
"Men's Nylon Crossbody Bag","men's nylon crossbody bag","inactive",1,"2026-04-17 10:01:11"
"Men's Quartz Watch with Luminous Hands and Calendar","men's quartz watch with luminous hands and calendar","inactive",1,"2026-04-17 10:01:11"
"Men's Quartz Watch with Ultra-Thin Waterproof Design","men's quartz watch with ultra-thin waterproof design","inactive",1,"2026-04-17 10:01:11"
"Men's Small Bag","men's small bag","inactive",1,"2026-04-17 10:01:11"
"Men's Smart Watch Bluetooth Call Message Display","men's smart watch bluetooth call message display","inactive",1,"2026-04-17 10:01:11"
"Men's Smartwatch Full Touch Multi-Sport Mode","men's smartwatch full touch multi-sport mode","inactive",1,"2026-04-17 10:01:11"
"Men's Sports Quartz Watch with Silicone Strap","men's sports quartz watch with silicone strap","inactive",1,"2026-04-17 10:01:11"
"Men's Stainless Steel Watch","men's stainless steel watch","inactive",1,"2026-04-17 10:01:11"
"Men's Steel Band Fashion Sports Casual Watch","men's steel band fashion sports casual watch","inactive",1,"2026-04-17 10:01:11"
"Men's Watch Adidas (Ø 42 mm)","men's watch adidas (Ø 42 mm)","inactive",1,"2026-04-17 10:01:11"
"Men's Watch Guess (Ø 44,5 mm)","men's watch guess (Ø 44,5 mm)","inactive",1,"2026-04-17 10:01:11"
"Men's Watch Guess (Ø 45 mm)","men's watch guess (Ø 45 mm)","inactive",1,"2026-04-17 10:01:11"
"Men's Watch Guess (Ø 47 mm)","men's watch guess (Ø 47 mm)","inactive",1,"2026-04-17 10:01:11"
"Men's Watch Water Ghost","men's watch water ghost","inactive",1,"2026-04-17 10:01:11"
"Men's Watches Waterproof Motorcycle Rim Watch","men's watches waterproof motorcycle rim watch","inactive",1,"2026-04-17 10:01:11"
"Men's Waterproof Luminous Quartz Watch","men's waterproof luminous quartz watch","inactive",1,"2026-04-17 10:01:11"
"Men's Wristwatch","men's wristwatch","inactive",1,"2026-04-17 10:01:11"
"Mens Watches Top Brand Luxury","mens watches top brand luxury","inactive",1,"2026-04-17 10:01:11"
"MEN’S FAIR & LOVELY GLOW & HANDSOME FACE CREAM –50G","men’s fair & lovely glow & handsome face cream –50g","inactive",1,"2026-04-17 10:01:11"
"MEN’S FAIR & LOVELY GLOW & HANDSOME INSTANT BRIGHTNESS RAPID ACTION FACEWASH – 50G","men’s fair & lovely glow & handsome instant brightness rapid action facewash – 50g","inactive",1,"2026-04-17 10:01:11"
"Men’s Luxury Brand Watch","men’s luxury brand watch","inactive",1,"2026-04-17 10:01:11"
"Metal After Market Effect Parts Gunpla","metal after market effect parts gunpla","inactive",1,"2026-04-17 10:01:11"
"Metal Desktop Stress Relief Fidget Toys","metal desktop stress relief fidget toys","inactive",1,"2026-04-17 10:01:11"
"Metal Leather Strap for Samsung Watch","metal leather strap for samsung watch","inactive",1,"2026-04-17 10:01:11"
"Metal Lion Head Mini Small Square Pack Shoulder Bag","metal lion head mini small square pack shoulder bag","inactive",1,"2026-04-17 10:01:11"
"Milanese Loop Metal Band for Apple Watch","milanese loop metal band for apple watch","inactive",1,"2026-04-17 10:01:11"
"Military Leather Belt Sports Watch","military leather belt sports watch","inactive",1,"2026-04-17 10:01:11"
"Military Smartwatch For Men","military smartwatch for men","inactive",1,"2026-04-17 10:01:11"
"Military Sports Watch","military sports watch","inactive",1,"2026-04-17 10:01:11"
"Milk fruit","milk fruit","inactive",1,"2026-04-17 10:01:11"
"MILTON NEW MARVEL 1500 HOT PACK – 1Pcs","milton new marvel 1500 hot pack – 1pcs","inactive",1,"2026-04-17 10:01:11"
"Mini Camping Stove","mini camping stove","inactive",1,"2026-04-17 10:01:11"
"Mini Carplay Box","mini carplay box","inactive",1,"2026-04-17 10:01:11"
"Mini Cooper Champion Racer Building Blocks","mini cooper champion racer building blocks","inactive",1,"2026-04-17 10:01:11"
"Mini Folding Bluetooth Keyboard","mini folding bluetooth keyboard","inactive",1,"2026-04-17 10:01:11"
"Mini Garden House Book Nook Kit","mini garden house book nook kit","inactive",1,"2026-04-17 10:01:11"
"Mini Humidifier","mini humidifier","inactive",1,"2026-04-17 10:01:11"
"Mini Laser Stage Lighting (Power Supply Plug)","mini laser stage lighting (power supply plug)","inactive",1,"2026-04-17 10:01:11"
"Mini Outdoors Waterproof Bluetooth Speaker","mini outdoors waterproof bluetooth speaker","inactive",1,"2026-04-17 10:01:11"
"Mini Portable Projector","mini portable projector","inactive",1,"2026-04-17 10:01:11"
"Mini Record Key","mini record key","inactive",1,"2026-04-17 10:01:11"
"Mini Vacuum Cleaner","mini vacuum cleaner","inactive",1,"2026-04-17 10:01:11"
"Mini Wireless Pocket Power Bank","mini wireless pocket power bank","inactive",1,"2026-04-17 10:01:11"
"Mini Zwiebel / Schalotten","mini zwiebel / schalotten","inactive",1,"2026-04-17 10:01:11"
"Minimalist Luxury Bag","minimalist luxury bag","inactive",1,"2026-04-17 10:01:11"
"Minimalist Men's Watch","minimalist men's watch","inactive",1,"2026-04-17 10:01:11"
"Minimalist Mesh Belt Men's Quartz Watch","minimalist mesh belt men's quartz watch","inactive",1,"2026-04-17 10:01:11"
"Minze Bund","minze bund","inactive",1,"2026-04-17 10:01:11"
"MISSFOX Diamond Watch For Men","missfox diamond watch for men","inactive",1,"2026-04-17 10:01:11"
"MISSFOX Ice Out Watch For Men","missfox ice out watch for men","inactive",1,"2026-04-17 10:01:11"
"Mite Removal Device","mite removal device","inactive",1,"2026-04-17 10:01:11"
"Mixed Vegetables","mixed vegetables","inactive",1,"2026-04-17 10:01:11"
"Mochila em Couro Feminina Casual - Bali","mochila em couro feminina casual - bali","inactive",1,"2026-04-17 10:01:11"
"MOD Kit for Apple Watch Series","mod kit for apple watch series","inactive",1,"2026-04-17 10:01:11"
"Modern 3D Deer Head Wall Sculpture","modern 3d deer head wall sculpture","inactive",1,"2026-04-17 10:01:11"
"Modern Abstract Line Art Canvas Print","modern abstract line art canvas print","inactive",1,"2026-04-17 10:01:11"
"Modern Gent Minimalist Wristwatch","modern gent minimalist wristwatch","inactive",1,"2026-04-17 10:01:11"
"Modern Metal Clothes Drying Line","modern metal clothes drying line","inactive",1,"2026-04-17 10:01:11"
"Modification Kit for Apple Watch","modification kit for apple watch","inactive",1,"2026-04-17 10:01:11"
"Mokhtar Tea Pure Ceylon Tea 100 Tea Bags - 200g","mokhtar tea pure ceylon tea 100 tea bags - 200g","inactive",1,"2026-04-17 10:01:11"
"Mokhtar Tea Super Ceylon Earl Grey Tea","mokhtar tea super ceylon earl grey tea","inactive",1,"2026-04-17 10:01:11"
"Mokhtari Tea - Grüner Tee","mokhtari tea - grüner tee","inactive",1,"2026-04-17 10:01:11"
"Molina Vanilla Natural Flavoring - 1L","molina vanilla natural flavoring - 1l","inactive",1,"2026-04-17 10:01:11"
"Money Abstract Posters Canvas Artwork","money abstract posters canvas artwork","inactive",1,"2026-04-17 10:01:11"
"Monika - Coconut Vinegar - 750ml","monika - coconut vinegar - 750ml","inactive",1,"2026-04-17 10:01:11"
"Monkey Broom Stick (Jhadu) 1pcs","monkey broom stick (jhadu) 1pcs","inactive",1,"2026-04-17 10:01:11"
"Moonlight Quran Bluetooth Speaker","moonlight quran bluetooth speaker","inactive",1,"2026-04-17 10:01:11"
"Mor Pankh or Peacock Feather","mor pankh or peacock feather","inactive",1,"2026-04-17 10:01:11"
"Mor Pankh or Peacock Feather Big","mor pankh or peacock feather big","inactive",1,"2026-04-17 10:01:11"
"MOTHER’S ANDHRA TOMATO PICKLE – 300g","mother’s andhra tomato pickle – 300g","inactive",1,"2026-04-17 10:01:11"
"MOTHER’S BHELPURI CHUTNEY – 275g","mother’s bhelpuri chutney – 275g","inactive",1,"2026-04-17 10:01:11"
"MOTHER’S CARROT AND CHILLI PICKLE – 500g","mother’s carrot and chilli pickle – 500g","inactive",1,"2026-04-17 10:01:11"
"MOTHER’S GARLIC PICKLE (SOUTH INDIAN STYLE) – 300g","mother’s garlic pickle (south indian style) – 300g","inactive",1,"2026-04-17 10:01:11"
"MOTHER’S GONGURA PICKLE – 300g","mother’s gongura pickle – 300g","inactive",1,"2026-04-17 10:01:11"
"Mother’s Kitchen Pure Ghee 500ml","mother’s kitchen pure ghee 500ml","inactive",1,"2026-04-17 10:01:11"
"MOTHER’S MADRAS THOKKU PICKLE (MANGO) – 300g","mother’s madras thokku pickle (mango) – 300g","inactive",1,"2026-04-17 10:01:11"
"MOTHER’S MANGO AND CHILLI PICKLE – 500g","mother’s mango and chilli pickle – 500g","inactive",1,"2026-04-17 10:01:11"
"MOTHER’S PUNJABI PACHARANGA PICKLE (MIXED FRUITS & VEGETABLES) – 500g","mother’s punjabi pacharanga pickle (mixed fruits & vegetables) – 500g","inactive",1,"2026-04-17 10:01:11"
"Motorcycle Backpack for Riding and Helmet Carrying","motorcycle backpack for riding and helmet carrying","inactive",1,"2026-04-17 10:01:11"
"Motorcycle Hip Leg Bag","motorcycle hip leg bag","inactive",1,"2026-04-17 10:01:11"
"Mouse Charger Storage Bag","mouse charger storage bag","inactive",1,"2026-04-17 10:01:11"
"Mouse Memory Cotton Wrist Pad","mouse memory cotton wrist pad","inactive",1,"2026-04-17 10:01:11"
"MRF Blaster- Leather Ball Cricket Bat","mrf blaster- leather ball cricket bat","inactive",1,"2026-04-17 10:01:11"
"MRF Smash- Leather Ball Cricket Bat","mrf smash- leather ball cricket bat","inactive",1,"2026-04-17 10:01:11"
"MTR Badam Drink Mix Powder 200gm","mtr badam drink mix powder 200gm","inactive",1,"2026-04-17 10:01:11"
"MTR RTE CHANA MASALA – 300g","mtr rte chana masala – 300g","inactive",1,"2026-04-17 10:01:11"
"MTR RTE Rice Tomato 250g","mtr rte rice tomato 250g","inactive",1,"2026-04-17 10:01:11"
"Multi-Device Foldable Charging Dock","multi-device foldable charging dock","inactive",1,"2026-04-17 10:01:11"
"Multi-Function Airbag Backpack","multi-function airbag backpack","inactive",1,"2026-04-17 10:01:11"
"Multi-Function Backpack","multi-function backpack","inactive",1,"2026-04-17 10:01:11"
"Multi-function Electronic Watch","multi-function electronic watch","inactive",1,"2026-04-17 10:01:11"
"Multi-functional Men's Bracelet","multi-functional men's bracelet","inactive",1,"2026-04-17 10:01:11"
"Multi-Functional Smart Travel Sling Bag","multi-functional smart travel sling bag","inactive",1,"2026-04-17 10:01:11"
"Multi-pocket Large Capacity Tote Bag","multi-pocket large capacity tote bag","inactive",1,"2026-04-17 10:01:11"
"Multicolour Pom Pom and Gota Hanging Toran","multicolour pom pom and gota hanging toran","inactive",1,"2026-04-17 10:01:11"
"Multifunctional mummy bag","multifunctional mummy bag","inactive",1,"2026-04-17 10:01:11"
"Multifunctional Pliers","multifunctional pliers","inactive",1,"2026-04-17 10:01:11"
"Multifunctional Shoulder Bag","multifunctional shoulder bag","inactive",1,"2026-04-17 10:01:11"
"Multifunctional Sports Watch with Creative Design","multifunctional sports watch with creative design","inactive",1,"2026-04-17 10:01:11"
"Murphy Plus- Leather Ball Cricket- White Ball","murphy plus- leather ball cricket- white ball","inactive",1,"2026-04-17 10:01:11"
"Murray & Lanman | Florida Water | Cologne New York","murray & lanman | florida water | cologne new york","inactive",1,"2026-04-17 10:01:11"
"Murti Ganeshji Idiol (6 inch)","murti ganeshji idiol (6 inch)","inactive",1,"2026-04-17 10:01:11"
"Musc Mayssane 5ml Parfum Duft","musc mayssane 5ml parfum duft","inactive",1,"2026-04-17 10:01:11"
"Mushroom Laptop Stand","mushroom laptop stand","inactive",1,"2026-04-17 10:01:11"
"Musk Pakistan Perfume without Alcohol","musk pakistan perfume without alcohol","inactive",1,"2026-04-17 10:01:11"
"Muskatnuss 100g (Jaifal - Nutmegs)","muskatnuss 100g (jaifal - nutmegs)","inactive",1,"2026-04-17 10:01:11"
"MUTTON BIRYANI COMBO (For 5 Persons)","mutton biryani combo (for 5 persons)","inactive",1,"2026-04-17 10:01:11"
"Mysore Sandal Hexa Agarbatti 1pcs","mysore sandal hexa agarbatti 1pcs","inactive",1,"2026-04-17 10:01:11"
"NADI Baghlan Super Basmati Sela Reis","nadi baghlan super basmati sela reis","inactive",1,"2026-04-17 10:01:11"
"NAKZEN 2020 New Men's Watches Top Brand Luxury Quartz Watch Men Leather Waterproof Cool Watch Man Clocks Relogio Masculino","nakzen 2020 new men's watches top brand luxury quartz watch men leather waterproof cool watch man clocks relogio masculino","inactive",1,"2026-04-17 10:01:11"
"NAKZEN 2020 New Men's Watches Top Brand Luxury Quartz Watch Men Leather Waterproof Military Watch Man Clocks Relogio Masculino","nakzen 2020 new men's watches top brand luxury quartz watch men leather waterproof military watch man clocks relogio masculino","inactive",1,"2026-04-17 10:01:11"
"NAKZEN Crescent Shape Mens Quartz Watch Fashion Casual Waterproof Luxury Brand Date Wrist Watch Male Clock relogio masculino","nakzen crescent shape mens quartz watch fashion casual waterproof luxury brand date wrist watch male clock relogio masculino","inactive",1,"2026-04-17 10:01:11"
"NAKZEN Fashion Male Quartz Watches Leather Watchband Business Wrist watch Waterproof Sport Men Watch Clock Relogio Masculino","nakzen fashion male quartz watches leather watchband business wrist watch waterproof sport men watch clock relogio masculino","inactive",1,"2026-04-17 10:01:11"
"NAKZEN Men Automatic Mechanical Miyota 8205 Movement Watch Sapphire Calendar Wristwatch Man 10Bar waterproof Relogios masculinos","nakzen men automatic mechanical miyota 8205 movement watch sapphire calendar wristwatch man 10bar waterproof relogios masculinos","inactive",1,"2026-04-17 10:01:11"
"NAKZEN Men Mechanical Watch Men's Automatic Miyota 8215 Movement Diamond Watches Sapphire Wrist Watch Male Waterproof Clock","nakzen men mechanical watch men's automatic miyota 8215 movement diamond watches sapphire wrist watch male waterproof clock","inactive",1,"2026-04-17 10:01:11"
"NAKZEN Mens Automatic Mechanical Watch Miyota 8205 Movemen Men Business Waterproof Stainless Steel Watch Clock Relogio Masculino","nakzen mens automatic mechanical watch miyota 8205 movemen men business waterproof stainless steel watch clock relogio masculino","inactive",1,"2026-04-17 10:01:11"
"NAKZEN Rectangle Automatic Mechanical Men Watches Unique Design Tourbillon Skeleton Watch Luxury Valuable Male Clock Wrist Watch","nakzen rectangle automatic mechanical men watches unique design tourbillon skeleton watch luxury valuable male clock wrist watch","inactive",1,"2026-04-17 10:01:11"
"NAKZEN Womens Gold Luxury Quartz Diamond Watch Calendar Display Women Full Steel Wrist Watch Female Clock relogio masculino","nakzen womens gold luxury quartz diamond watch calendar display women full steel wrist watch female clock relogio masculino","inactive",1,"2026-04-17 10:01:11"
"Nandhi Vasambu / Sweet Flag/ Acorus Calamus 50g","nandhi vasambu / sweet flag/ acorus calamus 50g","inactive",1,"2026-04-17 10:01:11"
"Narasu's Anandham Hotel Blend 100g","narasu's anandham hotel blend 100g","inactive",1,"2026-04-17 10:01:11"
"Narasus Anandham Hotel Blend 500g ( coffee blended with chicory)","narasus anandham hotel blend 500g ( coffee blended with chicory)","inactive",1,"2026-04-17 10:01:11"
"NARASU’S COFFEE POWDER – 100g","narasu’s coffee powder – 100g","inactive",1,"2026-04-17 10:01:11"
"NARASU’S DELITE FILTER COFFEE POWDER – 100g","narasu’s delite filter coffee powder – 100g","inactive",1,"2026-04-17 10:01:11"
"NARASU’S INSTA STRONG – 50g","narasu’s insta strong – 50g","inactive",1,"2026-04-17 10:01:11"
"NARASU’S INSTANT COFFEE – 50g","narasu’s instant coffee – 50g","inactive",1,"2026-04-17 10:01:11"
"Narasu’s Udhayam Filter Coffee 500g","narasu’s udhayam filter coffee 500g","inactive",1,"2026-04-17 10:01:11"
"Naruto Fairy Tail Backpack","naruto fairy tail backpack","inactive",1,"2026-04-17 10:01:11"
"NASA Embroidered Heat Patch","nasa embroidered heat patch","inactive",1,"2026-04-17 10:01:11"
"Naseem Laeqa Perfume Oil 12ml","naseem laeqa perfume oil 12ml","inactive",1,"2026-04-17 10:01:11"
"National - 100g Chaat Masala","national - 100g chaat masala","inactive",1,"2026-04-17 10:01:11"
"National Achar Gosht (Rezeptmischung für Fleischcurry mit Gurkengeschmack) 43g","national achar gosht (rezeptmischung für fleischcurry mit gurkengeschmack) 43g","inactive",1,"2026-04-17 10:01:11"
"National Carrot Pickle in Oil 1 kg","national carrot pickle in oil 1 kg","inactive",1,"2026-04-17 10:01:11"
"NATIONAL CHAAT MASALA – 100g","national chaat masala – 100g","inactive",1,"2026-04-17 10:01:11"
"NATIONAL CHICKEN MASALA MIX – 86g","national chicken masala mix – 86g","inactive",1,"2026-04-17 10:01:11"
"NATURAL RIDGE GOURD BODY SCRUBBER LOUFAH SPONGES FOR BATHING/PEERKANGAI NAAR/ÉPONGE EN FIBRE VÉGÉTALES – 1Pc","natural ridge gourd body scrubber loufah sponges for bathing/peerkangai naar/Éponge en fibre vÉgÉtales – 1pc","inactive",1,"2026-04-17 10:01:11"
"Natural watch with a unisex design WA-363","natural watch with a unisex design wa-363","inactive",1,"2026-04-17 10:01:11"
"Nature’s Charm Pure Young Coconut Water - 520ml","nature’s charm pure young coconut water - 520ml","inactive",1,"2026-04-17 10:01:11"
"Neal Samo seeds 400gm","neal samo seeds 400gm","inactive",1,"2026-04-17 10:01:11"
"Neal Suhaag Sindoor 25gm","neal suhaag sindoor 25gm","inactive",1,"2026-04-17 10:01:11"
"Neal: 500g Toor Dal Plain","neal: 500g toor dal plain","inactive",1,"2026-04-17 10:01:11"
"Neals Chana Dal | Bengal Gram (Split without Skin) 1Kg","neals chana dal | bengal gram (split without skin) 1kg","inactive",1,"2026-04-17 10:01:11"
"Neals Chana Dal | Bengal Gram (Split without Skin) 500g","neals chana dal | bengal gram (split without skin) 500g","inactive",1,"2026-04-17 10:01:11"
"Neals Moong Beans Whole (With Skin) | Sabut 500g","neals moong beans whole (with skin) | sabut 500g","inactive",1,"2026-04-17 10:01:11"
"Neals Paan Shots 230g","neals paan shots 230g","inactive",1,"2026-04-17 10:01:11"
"Neals Toor Dal | Pigeon Peas 2Kg","neals toor dal | pigeon peas 2kg","inactive",1,"2026-04-17 10:01:11"
"Neals Toor Dal | Pigeon Peas | Tuvar Dal 500g","neals toor dal | pigeon peas | tuvar dal 500g","inactive",1,"2026-04-17 10:01:11"
"Neals White Rice Flakes | Poha | Pawa | Aval (Medium) 1Kg","neals white rice flakes | poha | pawa | aval (medium) 1kg","inactive",1,"2026-04-17 10:01:11"
"Neat Foods | Neat Plantain Fufu | 700g","neat foods | neat plantain fufu | 700g","inactive",1,"2026-04-17 10:01:11"
"Necklace","necklace","inactive",1,"2026-04-17 10:01:11"
"Neem Active Tooth Paste (200g)","neem active tooth paste (200g)","inactive",1,"2026-04-17 10:01:11"
"Neem Leaves -1 pack","neem leaves -1 pack","inactive",1,"2026-04-17 10:01:11"
"Neem Leaves 15-20gm","neem leaves 15-20gm","inactive",1,"2026-04-17 10:01:11"
"NESCAFE SPECIAL FILTRE L’ORIGINAL – 200g","nescafe special filtre l’original – 200g","inactive",1,"2026-04-17 10:01:11"
"Nestle Carelac 400gm","nestle carelac 400gm","inactive",1,"2026-04-17 10:01:11"
"Neti Pot Plastic - 11cm","neti pot plastic - 11cm","inactive",1,"2026-04-17 10:01:11"
"NEW BORN BABY DHIRSTI SET (including) – 1 Box","new born baby dhirsti set (including) – 1 box","inactive",1,"2026-04-17 10:01:11"
"New Cantu | Shea Butter | for Natural Hair | Style Stay Frizz - Free Finisher","new cantu | shea butter | for natural hair | style stay frizz - free finisher","inactive",1,"2026-04-17 10:01:11"
"NEW Intel Core i5 13600K 3.5GHz 14-Core 20-Thread CPU Processor 10NM L3=24M 125W LGA 1700","new intel core i5 13600k 3.5ghz 14-core 20-thread cpu processor 10nm l3=24m 125w lga 1700","inactive",1,"2026-04-17 10:01:11"
"New Leather Fashion Mobile Phone Bag","new leather fashion mobile phone bag","inactive",1,"2026-04-17 10:01:11"
"New Light Painting Led Night Light Bedside Lamp Atmosphere Table Lamp Wall Decor Bedroom Home Decoration Gift","new light painting led night light bedside lamp atmosphere table lamp wall decor bedroom home decoration gift","inactive",1,"2026-04-17 10:01:11"
"New Luxury Couple's Watch","new luxury couple's watch","inactive",1,"2026-04-17 10:01:11"
"New Luxury Women's Bracelet Watches: Elegant Quartz Timepieces","new luxury women's bracelet watches: elegant quartz timepieces","inactive",1,"2026-04-17 10:01:11"
"New Men's Quartz Watch","new men's quartz watch","inactive",1,"2026-04-17 10:01:11"
"New Men's Watch Luxury Bracelet Set","new men's watch luxury bracelet set","inactive",1,"2026-04-17 10:01:11"
"New SOS Smartwatch For Children","new sos smartwatch for children","inactive",1,"2026-04-17 10:01:11"
"New Women's Android GPS Fitness Smartwatch","new women's android gps fitness smartwatch","inactive",1,"2026-04-17 10:01:11"
"Newly Designed Tactical Gloves","newly designed tactical gloves","inactive",1,"2026-04-17 10:01:11"
"NFC Projection Screen Four-color E-ink Screen Phone Case","nfc projection screen four-color e-ink screen phone case","inactive",1,"2026-04-17 10:01:11"
"NFC Right Angle Design Bluetooth Smartwatch","nfc right angle design bluetooth smartwatch","inactive",1,"2026-04-17 10:01:11"
"NH35 Mechanical Watch","nh35 mechanical watch","inactive",1,"2026-04-17 10:01:11"
"Niharti Clove Oil | Eugenol 20ml","niharti clove oil | eugenol 20ml","inactive",1,"2026-04-17 10:01:11"
"Nirapara - 10kg Palakkadan Matta Rice Long Grain Rice","nirapara - 10kg palakkadan matta rice long grain rice","inactive",1,"2026-04-17 10:01:11"
"Nitto Tape for Cricket Tennis Ball","nitto tape for cricket tennis ball","inactive",1,"2026-04-17 10:01:11"
"Non Alocholic | Santa Isabel | Malt Drink | 330 ml","non alocholic | santa isabel | malt drink | 330 ml","inactive",1,"2026-04-17 10:01:11"
"Non-Slip Diatomite Bath Mat","non-slip diatomite bath mat","inactive",1,"2026-04-17 10:01:11"
"Non-woven Supermarket Shopping Bag For Trolley","non-woven supermarket shopping bag for trolley","inactive",1,"2026-04-17 10:01:11"
"Nongshim: 140g Chapaghetti Noodles 5er Packung","nongshim: 140g chapaghetti noodles 5er packung","inactive",1,"2026-04-17 10:01:11"
"Noodle Making Machine","noodle making machine","inactive",1,"2026-04-17 10:01:11"
"Nordic Gamer Quotes Art Poster","nordic gamer quotes art poster","inactive",1,"2026-04-17 10:01:11"
"Nordic Style Felt Letter Note Board Message","nordic style felt letter note board message","inactive",1,"2026-04-17 10:01:11"
"Novelty Spinning Rotating Gaming Pen","novelty spinning rotating gaming pen","inactive",1,"2026-04-17 10:01:11"
"NT Dragon Fried Garlic 400g","nt dragon fried garlic 400g","inactive",1,"2026-04-17 10:01:11"
"Nudel Machine","nudel machine","inactive",1,"2026-04-17 10:01:11"
"Nuhun Ankara Makarnasi Kuskus 500g","nuhun ankara makarnasi kuskus 500g","inactive",1,"2026-04-17 10:01:11"
"NutriAmour Gepuffertes Vitamin C","nutriamour gepuffertes vitamin c","inactive",1,"2026-04-17 10:01:11"
"NutriAmour Kreatin Gummies","nutriamour kreatin gummies","inactive",1,"2026-04-17 10:01:11"
"NW Deco: Star","nw deco: star","inactive",1,"2026-04-17 10:01:11"
"NW Pooja: Abir","nw pooja: abir","inactive",1,"2026-04-17 10:01:11"
"Nylon strap watch three-eye three-pin quartz watch","nylon strap watch three-eye three-pin quartz watch","inactive",1,"2026-04-17 10:01:11"
"Nylon Watchband Bracelet Belt iWatch Series","nylon watchband bracelet belt iwatch series","inactive",1,"2026-04-17 10:01:11"
"Oblique Crossbody Bag","oblique crossbody bag","inactive",1,"2026-04-17 10:01:11"
"OKF - Aloe Vera Drink Sugar Free 500ml","okf - aloe vera drink sugar free 500ml","inactive",1,"2026-04-17 10:01:11"
"OKF Aloe Vera Drink - Pineapple 500ml","okf aloe vera drink - pineapple 500ml","inactive",1,"2026-04-17 10:01:11"
"OM (A)Stickers for Festivals - Pack of 2","om (a)stickers for festivals - pack of 2","inactive",1,"2026-04-17 10:01:11"
"OM Decorated Clay Mitti Diya - Set of 4","om decorated clay mitti diya - set of 4","inactive",1,"2026-04-17 10:01:11"
"Om Rakhi Bracelet","om rakhi bracelet","inactive",1,"2026-04-17 10:01:11"
"Om Sign Golden Foil Print Unframed Art Work - 21cm x 30cm","om sign golden foil print unframed art work - 21cm x 30cm","inactive",1,"2026-04-17 10:01:11"
"OM Sticker - Diamond and Green gems","om sticker - diamond and green gems","inactive",1,"2026-04-17 10:01:11"
"Omar Karamat Perfume -  Alcohol Free","omar karamat perfume -  alcohol free","inactive",1,"2026-04-17 10:01:11"
"Omega 3 Triglyceride 18/12 (Halal Gelatine) - 140 Softgels","omega 3 triglyceride 18/12 (halal gelatine) - 140 softgels","inactive",1,"2026-04-17 10:01:11"
"One Shoulder Messenger Bag","one shoulder messenger bag","inactive",1,"2026-04-17 10:01:11"
"Optipro- Cricket Leg Pads","optipro- cricket leg pads","inactive",1,"2026-04-17 10:01:11"
"Orange Pom Pom with Hanging Topi Toran","orange pom pom with hanging topi toran","inactive",1,"2026-04-17 10:01:11"
"Orchid Building Block Bouquet","orchid building block bouquet","inactive",1,"2026-04-17 10:01:11"
"Organic Blush - Certified Organic","organic blush - certified organic","inactive",1,"2026-04-17 10:01:11"
"ORGANIC INDIA AMALAKI CAPSULES – 1Pc","organic india amalaki capsules – 1pc","inactive",1,"2026-04-17 10:01:11"
"ORGANIC INDIA ASHWAGANDHA 180 CAPSULES -1 PCS","organic india ashwagandha 180 capsules -1 pcs","inactive",1,"2026-04-17 10:01:11"
"ORGANIC INDIA ASHWAGANDHA CAPSULES – 1Pc","organic india ashwagandha capsules – 1pc","inactive",1,"2026-04-17 10:01:11"
"ORGANIC INDIA BREATHE FREE CAPSULES (60) – 1Pc","organic india breathe free capsules (60) – 1pc","inactive",1,"2026-04-17 10:01:11"
"ORGANIC INDIA NEEM CAPSULES – 1PCS","organic india neem capsules – 1pcs","inactive",1,"2026-04-17 10:01:11"
"ORGANIC INDIA TULSI GINGER (25N INFUSION TEA BAGS) – 1Pc","organic india tulsi ginger (25n infusion tea bags) – 1pc","inactive",1,"2026-04-17 10:01:11"
"ORGANIC INDIA TULSI GREEN ASHWAGANDHA TEA (25N INFUSION TEA BAGS) – 1Pc","organic india tulsi green ashwagandha tea (25n infusion tea bags) – 1pc","inactive",1,"2026-04-17 10:01:11"
"ORGANIC INDIA TULSI GREEN TEA LEMON GINGER (25N INFUSION TEA BAGS) – 1Pc","organic india tulsi green tea lemon ginger (25n infusion tea bags) – 1pc","inactive",1,"2026-04-17 10:01:11"
"ORGANIC INDIA TULSI HONEY CHAMOMILE (25N INFUSION TEA BAGS) – 1Pc","organic india tulsi honey chamomile (25n infusion tea bags) – 1pc","inactive",1,"2026-04-17 10:01:11"
"ORGANIC INDIA TULSI POMEGRANATE GREEN TEA (25N INFUSION TEA BAGS) – 1Pc","organic india tulsi pomegranate green tea (25n infusion tea bags) – 1pc","inactive",1,"2026-04-17 10:01:11"
"ORGANIC INDIA TULSI TUMMY (25N INFUSION TEA BAGS) – 1Pc","organic india tulsi tummy (25n infusion tea bags) – 1pc","inactive",1,"2026-04-17 10:01:11"
"ORGANIC INDIA TULSI TURMERIC GINGER TEA (25N INFUSION TEA BAGS) – 1Pc","organic india tulsi turmeric ginger tea (25n infusion tea bags) – 1pc","inactive",1,"2026-04-17 10:01:11"
"ORS Olive Oil | Creme Hair Dress | Extra Rich for Dry , Thirsty Hair","ors olive oil | creme hair dress | extra rich for dry , thirsty hair","inactive",1,"2026-04-17 10:01:11"
"Oryon™ - Sports Smartwatch","oryon™ - sports smartwatch","inactive",1,"2026-04-17 10:01:11"
"Oud Al Mahbah Perfume","oud al mahbah perfume","inactive",1,"2026-04-17 10:01:11"
"Outdoor Foldable Handle Cooking Pot","outdoor foldable handle cooking pot","inactive",1,"2026-04-17 10:01:11"
"Outdoor Military Smart Watch","outdoor military smart watch","inactive",1,"2026-04-17 10:01:11"
"Outdoor Military Smart Watch Men","outdoor military smart watch men","inactive",1,"2026-04-17 10:01:11"
"Outdoor Smart Watch","outdoor smart watch","inactive",1,"2026-04-17 10:01:11"
"Outlander Tactical™ - Multi-Functional Large Capacity Backpack","outlander tactical™ - multi-functional large capacity backpack","inactive",1,"2026-04-17 10:01:11"
"Oval Dial Retro Watch","oval dial retro watch","inactive",1,"2026-04-17 10:01:11"
"Overwatch Gaming Mouse Pad with Anti-Slip Design","overwatch gaming mouse pad with anti-slip design","inactive",1,"2026-04-17 10:01:11"
"Oxford Printing Design Anti Theft Backpack","oxford printing design anti theft backpack","inactive",1,"2026-04-17 10:01:11"
"Oxo Beef Stock Cubes - 12 Cubes","oxo beef stock cubes - 12 cubes","inactive",1,"2026-04-17 10:01:11"
"Oyster Sauce 600ml","oyster sauce 600ml","inactive",1,"2026-04-17 10:01:11"
"Paanch Mukhi Rudraksha Mala – Small 108 Beads","paanch mukhi rudraksha mala – small 108 beads","inactive",1,"2026-04-17 10:01:11"
"Pachranga Foods  Mango Peeled Pickle","pachranga foods  mango peeled pickle","inactive",1,"2026-04-17 10:01:11"
"Pachranga Red Chilli Stuffed Pickle 800g","pachranga red chilli stuffed pickle 800g","inactive",1,"2026-04-17 10:01:11"
"PACK OF 12 RANGOLI POWDER (MULTICOLOR) – 1Pc","pack of 12 rangoli powder (multicolor) – 1pc","inactive",1,"2026-04-17 10:01:11"
"Pack of 50 Red Bindi","pack of 50 red bindi","inactive",1,"2026-04-17 10:01:11"
"Padmini Dhoop -12 Boxes of 10 Sticks each","padmini dhoop -12 boxes of 10 sticks each","inactive",1,"2026-04-17 10:01:11"
"Pain Relief Laser Therapy Device","pain relief laser therapy device","inactive",1,"2026-04-17 10:01:11"
"PALETTE YEUX #02-rue du café-chocolat nude edition","palette yeux #02-rue du café-chocolat nude edition","inactive",1,"2026-04-17 10:01:11"
"Palmer's Coconut Oil Formula","palmer's coconut oil formula","inactive",1,"2026-04-17 10:01:11"
"Panchmukhi Ganesha or Statue Decor","panchmukhi ganesha or statue decor","inactive",1,"2026-04-17 10:01:11"
"Panchmukhi Hanuman Gold Foil Unframed Art Work - 21cm x 30cm","panchmukhi hanuman gold foil unframed art work - 21cm x 30cm","inactive",1,"2026-04-17 10:01:11"
"Panchy Brand	Guava Nectar 250ml","panchy brand	guava nectar 250ml","inactive",1,"2026-04-17 10:01:11"
"Parle Hide & Seek Fab Orange 112gm","parle hide & seek fab orange 112gm","inactive",1,"2026-04-17 10:01:11"
"Parle Hide & Seek Fab! Strawberry 112g","parle hide & seek fab! strawberry 112g","inactive",1,"2026-04-17 10:01:11"
"Parle Hide and Seek Black Bourbon Choco - 100g","parle hide and seek black bourbon choco - 100g","inactive",1,"2026-04-17 10:01:11"
"PARLE HIDE AND SEEK – 82.5g","parle hide and seek – 82.5g","inactive",1,"2026-04-17 10:01:11"
"Parle Rol-a-Cola 18g","parle rol-a-cola 18g","inactive",1,"2026-04-17 10:01:11"
"Parle: 135g Hide&Seek  Bourbon","parle: 135g hide&seek  bourbon","inactive",1,"2026-04-17 10:01:11"
"PASS PASS MOUTH FRESHENER – 5Pcs","pass pass mouth freshener – 5pcs","inactive",1,"2026-04-17 10:01:11"
"Patak Chilli Pickle Hot 283gm","patak chilli pickle hot 283gm","inactive",1,"2026-04-17 10:01:11"
"PATAK EXTRA HOT CURRY SPICE PASTE – 283g","patak extra hot curry spice paste – 283g","inactive",1,"2026-04-17 10:01:11"
"Patak Hot Lime Pickle 283g","patak hot lime pickle 283g","inactive",1,"2026-04-17 10:01:11"
"Patak Jalfrezi Curry Paste - 283g","patak jalfrezi curry paste - 283g","inactive",1,"2026-04-17 10:01:11"
"PATAK KORMA PASTE – 283g","patak korma paste – 283g","inactive",1,"2026-04-17 10:01:11"
"PATAK KORMA SPICE PASTE – 2.3Kg","patak korma spice paste – 2.3kg","inactive",1,"2026-04-17 10:01:11"
"PATAK LIME PICKLE (HOT) – 283g","patak lime pickle (hot) – 283g","inactive",1,"2026-04-17 10:01:11"
"Patak Lime Pickle Hot 300gm","patak lime pickle hot 300gm","inactive",1,"2026-04-17 10:01:11"
"Patak Madras Paste  283gm","patak madras paste  283gm","inactive",1,"2026-04-17 10:01:11"
"PATAK MADRAS SPICE CURRY PASTE – 283g","patak madras spice curry paste – 283g","inactive",1,"2026-04-17 10:01:11"
"Patak Mango Chutney Mild (Sweet) 340gm","patak mango chutney mild (sweet) 340gm","inactive",1,"2026-04-17 10:01:11"
"Patak Mango Pickle (Extra Hot) 283g","patak mango pickle (extra hot) 283g","inactive",1,"2026-04-17 10:01:11"
"Patak Mango Pickle 283g","patak mango pickle 283g","inactive",1,"2026-04-17 10:01:11"
"PATAK MANGO PICKLE EX HOT – 283g","patak mango pickle ex hot – 283g","inactive",1,"2026-04-17 10:01:11"
"Patak Mango Pickle Hot 283gm","patak mango pickle hot 283gm","inactive",1,"2026-04-17 10:01:11"
"PATAK MILD CURRY SPICE PASTE – 283g","patak mild curry spice paste – 283g","inactive",1,"2026-04-17 10:01:11"
"Patak Mixed Pickle Hot 283gm","patak mixed pickle hot 283gm","inactive",1,"2026-04-17 10:01:11"
"Patak's - 283g Chili Pickle (spicy)","patak's - 283g chili pickle (spicy)","inactive",1,"2026-04-17 10:01:11"
"Patak's Curry Paste (Mild) 283gm","patak's curry paste (mild) 283gm","inactive",1,"2026-04-17 10:01:11"
"PATAK: 283g Lime Pickle Ex-Hot","patak: 283g lime pickle ex-hot","inactive",1,"2026-04-17 10:01:11"
"PATAK: 283g Madras Spice Paste","patak: 283g madras spice paste","inactive",1,"2026-04-17 10:01:11"
"PATAK’S JALFREZI SPICE PASTE – 283g","patak’s jalfrezi spice paste – 283g","inactive",1,"2026-04-17 10:01:11"
"PATAK’S KASHMIRI MASALA PASTE – 283g","patak’s kashmiri masala paste – 283g","inactive",1,"2026-04-17 10:01:11"
"Paulener Lemo 0.33L + Pfand","paulener lemo 0.33l + pfand","inactive",1,"2026-04-17 10:01:11"
"PC Case Fan Mirror Cycle","pc case fan mirror cycle","inactive",1,"2026-04-17 10:01:11"
"Peacock Rakhi NR5","peacock rakhi nr5","inactive",1,"2026-04-17 10:01:11"
"Peak Racket Cellular Silicone Handle Set","peak racket cellular silicone handle set","inactive",1,"2026-04-17 10:01:11"
"Pearl & Beads Neckpiece","pearl & beads neckpiece","inactive",1,"2026-04-17 10:01:11"
"Pearl Hanging Toran","pearl hanging toran","inactive",1,"2026-04-17 10:01:11"
"Pearl Millets 1 Kg – Bajra / Kambu / Sajjalu | Gluten-Free Indian Supergrain - NITYA","pearl millets 1 kg – bajra / kambu / sajjalu | gluten-free indian supergrain - nitya","inactive",1,"2026-04-17 10:01:11"
"Pearl Toran with Unique Looms","pearl toran with unique looms","inactive",1,"2026-04-17 10:01:11"
"Pearl Varmala or Garland","pearl varmala or garland","inactive",1,"2026-04-17 10:01:11"
"Perfect Clear | Pure Vaseline | Perfum Free | Petroleum Gel  440ml","perfect clear | pure vaseline | perfum free | petroleum gel  440ml","inactive",1,"2026-04-17 10:01:11"
"Periyar Broken Matta Rice | Podi Ari 1Kg","periyar broken matta rice | podi ari 1kg","inactive",1,"2026-04-17 10:01:11"
"Periyar Dry Anchovy | Dry Nethili | Dry Natholi Fish Pickle 250g","periyar dry anchovy | dry nethili | dry natholi fish pickle 250g","inactive",1,"2026-04-17 10:01:11"
"Periyar Matta Rice | Naadan Kuthari 5 Kg","periyar matta rice | naadan kuthari 5 kg","inactive",1,"2026-04-17 10:01:11"
"Periyar Puttu Podi (White) 1Kg","periyar puttu podi (white) 1kg","inactive",1,"2026-04-17 10:01:11"
"PG Tips - 100 teabags Black Tea","pg tips - 100 teabags black tea","inactive",1,"2026-04-17 10:01:11"
"PG Tips - 1100's Teabags Black Tea","pg tips - 1100's teabags black tea","inactive",1,"2026-04-17 10:01:11"
"PG Tips - 160 teabags Black Tea","pg tips - 160 teabags black tea","inactive",1,"2026-04-17 10:01:11"
"PG Tips - 210 Teabags Black Tea","pg tips - 210 teabags black tea","inactive",1,"2026-04-17 10:01:11"
"PG Tips - 40 teabags Black Tea","pg tips - 40 teabags black tea","inactive",1,"2026-04-17 10:01:11"
"PG Tips - 80 teabags Black Tea","pg tips - 80 teabags black tea","inactive",1,"2026-04-17 10:01:11"
"PG Tips 240 Pyramid Bags 696g","pg tips 240 pyramid bags 696g","inactive",1,"2026-04-17 10:01:11"
"Pg Tips Loose 1,5kg","pg tips loose 1,5kg","inactive",1,"2026-04-17 10:01:11"
"PG Tips Loose Leaf 1,5Kg","pg tips loose leaf 1,5kg","inactive",1,"2026-04-17 10:01:11"
"PG Tips PG Tips 1.5kg","pg tips pg tips 1.5kg","inactive",1,"2026-04-17 10:01:11"
"Pg Tips Tea  300 Teabags","pg tips tea  300 teabags","inactive",1,"2026-04-17 10:01:11"
"Photon Neck Beauty Device","photon neck beauty device","inactive",1,"2026-04-17 10:01:11"
"PINCEL gupillon cepillo black mascara 1 pz","pincel gupillon cepillo black mascara 1 pz","inactive",1,"2026-04-17 10:01:11"
"Pincel Ilū Eyeliner Em ângulo (1 Unidade)","pincel ilū eyeliner em ângulo (1 unidade)","inactive",1,"2026-04-17 10:01:11"
"Pincel Lussoni Lussoni Pro (1 Unidade)","pincel lussoni lussoni pro (1 unidade)","inactive",1,"2026-04-17 10:01:11"
"Pink Embroidery Karwachauth Thali Set","pink embroidery karwachauth thali set","inactive",1,"2026-04-17 10:01:11"
"Pink Flower Decor Tea Light","pink flower decor tea light","inactive",1,"2026-04-17 10:01:11"
"Pink Pompom and Pearls Hanging Toran","pink pompom and pearls hanging toran","inactive",1,"2026-04-17 10:01:11"
"PIT Ballert Mojito Energy Drink","pit ballert mojito energy drink","inactive",1,"2026-04-17 10:01:11"
"Plus Black Smartwatch","plus black smartwatch","inactive",1,"2026-04-17 10:01:11"
"Pocket Radio Chest Harness","pocket radio chest harness","inactive",1,"2026-04-17 10:01:11"
"Pocket Smoke Kit Case","pocket smoke kit case","inactive",1,"2026-04-17 10:01:11"
"PocketRetro Entry Camera","pocketretro entry camera","inactive",1,"2026-04-17 10:01:11"
"Poedagar Luxury Business Watch","poedagar luxury business watch","inactive",1,"2026-04-17 10:01:11"
"Pokémon Pikachu Printed Electronic Watch","pokémon pikachu printed electronic watch","inactive",1,"2026-04-17 10:01:11"
"POND’S MAGIC FRESHNESS TALCUM POWDER – ACACIA HONEY – 100g","pond’s magic freshness talcum powder – acacia honey – 100g","inactive",1,"2026-04-17 10:01:11"
"Pooja Gota Chunni Pink 24""","pooja gota chunni pink 24""","inactive",1,"2026-04-17 10:01:11"
"Pop Mart The Monster | Biginto Energy | Labubu","pop mart the monster | biginto energy | labubu","inactive",1,"2026-04-17 10:01:11"
"Portable Anti-Peeping Surveillance Detector","portable anti-peeping surveillance detector","inactive",1,"2026-04-17 10:01:11"
"Portable Bag Heat Sealer","portable bag heat sealer","inactive",1,"2026-04-17 10:01:11"
"Portable Bag Vacuum Heat Sealer","portable bag vacuum heat sealer","inactive",1,"2026-04-17 10:01:11"
"Portable Bluetooth Speaker with Microphone","portable bluetooth speaker with microphone","inactive",1,"2026-04-17 10:01:11"
"Portable Charger Dock for Nintendo-Switch","portable charger dock for nintendo-switch","inactive",1,"2026-04-17 10:01:11"
"Portable Electric Heated Eyelash Curler","portable electric heated eyelash curler","inactive",1,"2026-04-17 10:01:11"
"Portable Electric Neck Kneading Massager for Car & Home","portable electric neck kneading massager for car & home","inactive",1,"2026-04-17 10:01:11"
"Portable Electric Nose Hair Trimmer","portable electric nose hair trimmer","inactive",1,"2026-04-17 10:01:11"
"Portable Folding Crib Backpack","portable folding crib backpack","inactive",1,"2026-04-17 10:01:11"
"Portable Folding Intelligent Gimbal","portable folding intelligent gimbal","inactive",1,"2026-04-17 10:01:11"
"Portable Folding Ironing Board","portable folding ironing board","inactive",1,"2026-04-17 10:01:11"
"Portable Full-Color Wireless Photo Printer","portable full-color wireless photo printer","inactive",1,"2026-04-17 10:01:11"
"Portable Garment Steamer","portable garment steamer","inactive",1,"2026-04-17 10:01:11"
"Portable Hot Comb Solution","portable hot comb solution","inactive",1,"2026-04-17 10:01:11"
"Portable Laser Projection Keyboard","portable laser projection keyboard","inactive",1,"2026-04-17 10:01:11"
"Portable Lightweight Bicycle Water Bottle Set","portable lightweight bicycle water bottle set","inactive",1,"2026-04-17 10:01:11"
"Portable Makeup Organizer Box","portable makeup organizer box","inactive",1,"2026-04-17 10:01:11"
"Portable Mini Thermal Label Printer","portable mini thermal label printer","inactive",1,"2026-04-17 10:01:11"
"Portable Mini Three-Fold Bluetooth Keyboard","portable mini three-fold bluetooth keyboard","inactive",1,"2026-04-17 10:01:11"
"Portable Mommy Bag","portable mommy bag","inactive",1,"2026-04-17 10:01:11"
"Portable Multi-Slot Glasses Organizer","portable multi-slot glasses organizer","inactive",1,"2026-04-17 10:01:11"
"Portable Outdoor Cooking System","portable outdoor cooking system","inactive",1,"2026-04-17 10:01:11"
"Portable Perfume Refill Spray Bottle","portable perfume refill spray bottle","inactive",1,"2026-04-17 10:01:11"
"Portable Projector 4K HD","portable projector 4k hd","inactive",1,"2026-04-17 10:01:11"
"POTATO 1 Bag – (4Kg~5Kg)","potato 1 bag – (4kg~5kg)","inactive",1,"2026-04-17 10:01:11"
"POTATO – 1Kg","potato – 1kg","inactive",1,"2026-04-17 10:01:11"
"POTATO – 2Kg","potato – 2kg","inactive",1,"2026-04-17 10:01:11"
"Power Ade 0,5L WILD CHERRY","power ade 0,5l wild cherry","inactive",1,"2026-04-17 10:01:11"
"Pran - 250g Puffed Rice","pran - 250g puffed rice","inactive",1,"2026-04-17 10:01:11"
"Pran - 500g Puffed Rice","pran - 500g puffed rice","inactive",1,"2026-04-17 10:01:11"
"Pran Mamra Puffed Rice - 250g","pran mamra puffed rice - 250g","inactive",1,"2026-04-17 10:01:11"
"Pran Mamra Puffed Rice - 500g","pran mamra puffed rice - 500g","inactive",1,"2026-04-17 10:01:11"
"Prasad","prasad","inactive",1,"2026-04-17 10:01:11"
"PRB - Superior Light Soy Sauce - 500ml","prb - superior light soy sauce - 500ml","inactive",1,"2026-04-17 10:01:11"
"PRB Light Soy Sauce 150ml","prb light soy sauce 150ml","inactive",1,"2026-04-17 10:01:11"
"PREETHI LAVENDER WET GRINDER 2L- 1 Pc plus EU Adapter","preethi lavender wet grinder 2l- 1 pc plus eu adapter","inactive",1,"2026-04-17 10:01:11"
"Premium Leather Star Sky Watch","premium leather star sky watch","inactive",1,"2026-04-17 10:01:11"
"Premium Multifunktions-Smartwatch","premium multifunktions-smartwatch","inactive",1,"2026-04-17 10:01:11"
"Premium Rakhi NR1 A with Roli | Tikka","premium rakhi nr1 a with roli | tikka","inactive",1,"2026-04-17 10:01:11"
"Premium Rakhi NR1 B with Roli | Tikka","premium rakhi nr1 b with roli | tikka","inactive",1,"2026-04-17 10:01:11"
"Premium Rakhi NR2 with Roli | Tikka","premium rakhi nr2 with roli | tikka","inactive",1,"2026-04-17 10:01:11"
"Prestige Pressure Cooker","prestige pressure cooker","inactive",1,"2026-04-17 10:01:11"
"Prestige Pressure Cooker 2 Litre, (Stainless Steel)","prestige pressure cooker 2 litre, (stainless steel)","inactive",1,"2026-04-17 10:01:11"
"Prestige Pressure Cooker 5 Litre, (Stainless Steel)","prestige pressure cooker 5 litre, (stainless steel)","inactive",1,"2026-04-17 10:01:11"
"Prestige Wet Grinder","prestige wet grinder","inactive",1,"2026-04-17 10:01:11"
"Prestige Wet Grinder 2L","prestige wet grinder 2l","inactive",1,"2026-04-17 10:01:11"
"Printed Art Hooded Sweater for Autumn and Winter","printed art hooded sweater for autumn and winter","inactive",1,"2026-04-17 10:01:11"
"Printed Neoprene Cup Sleeve Bags","printed neoprene cup sleeve bags","inactive",1,"2026-04-17 10:01:11"
"Prismologie Skincare Duo Box Collection - 6x10ml Tubes (3 Duo Sets)","prismologie skincare duo box collection - 6x10ml tubes (3 duo sets)","inactive",1,"2026-04-17 10:01:11"
"Priya Brunch Food Jar","priya brunch food jar","inactive",1,"2026-04-17 10:01:11"
"Priya Roselle Leaves Gongura Pickle in Oil 300g","priya roselle leaves gongura pickle in oil 300g","inactive",1,"2026-04-17 10:01:11"
"Priya Rosselle Leaves and Onion (Gongura Ullipaya) in Oil 300g","priya rosselle leaves and onion (gongura ullipaya) in oil 300g","inactive",1,"2026-04-17 10:01:11"
"Pro Men Smart Watch","pro men smart watch","inactive",1,"2026-04-17 10:01:11"
"Proderm Shampoo Chamomile For 3+ Kids  - 500ml","proderm shampoo chamomile for 3+ kids  - 500ml","inactive",1,"2026-04-17 10:01:11"
"Professional Barber Clipper Storage Bag | Durable Electric Trimmer Case","professional barber clipper storage bag | durable electric trimmer case","inactive",1,"2026-04-17 10:01:11"
"Professional Boxing Gloves for Sanda & Combat Training","professional boxing gloves for sanda & combat training","inactive",1,"2026-04-17 10:01:11"
"PROFESSIONAL NAIL LACQUER  #berry perfection 15 ml","professional nail lacquer  #berry perfection 15 ml","inactive",1,"2026-04-17 10:01:11"
"ProTravel Multifunction Backpack","protravel multifunction backpack","inactive",1,"2026-04-17 10:01:11"
"Psychedelic Moon Starry Tapestry","psychedelic moon starry tapestry","inactive",1,"2026-04-17 10:01:11"
"Psychedelic Tapestry","psychedelic tapestry","inactive",1,"2026-04-17 10:01:11"
"PUBG Game Controller Mocute-058 Bluetooth Gamepad","pubg game controller mocute-058 bluetooth gamepad","inactive",1,"2026-04-17 10:01:11"
"Puja Greh All Purpose Pooja Samagri Kit","puja greh all purpose pooja samagri kit","inactive",1,"2026-04-17 10:01:11"
"Puja Greh Car Samagri Kit","puja greh car samagri kit","inactive",1,"2026-04-17 10:01:11"
"Puja Greh Fancy Mauli With Bells - 12Pcs","puja greh fancy mauli with bells - 12pcs","inactive",1,"2026-04-17 10:01:11"
"Pumpkin Bag, Pumpkin Lantern, Handheld Candy Jar","pumpkin bag, pumpkin lantern, handheld candy jar","inactive",1,"2026-04-17 10:01:11"
"Purple Beads and Pearl Bracelet","purple beads and pearl bracelet","inactive",1,"2026-04-17 10:01:11"
"Purple Necklace","purple necklace","inactive",1,"2026-04-17 10:01:11"
"Purple Yam","purple yam","inactive",1,"2026-04-17 10:01:11"
"Puttu Maker Induction Compatible Aluminium","puttu maker induction compatible aluminium","inactive",1,"2026-04-17 10:01:11"
"Q50 Smart Watch","q50 smart watch","inactive",1,"2026-04-17 10:01:11"
"Qarshi Bazooren 800ml","qarshi bazooren 800ml","inactive",1,"2026-04-17 10:01:11"
"Qarshi Ilacheen 800ml","qarshi ilacheen 800ml","inactive",1,"2026-04-17 10:01:11"
"Qarshi Johar Joshanda - Natural Herbal Tea 5gm","qarshi johar joshanda - natural herbal tea 5gm","inactive",1,"2026-04-17 10:01:11"
"Quartz Business Watch","quartz business watch","inactive",1,"2026-04-17 10:01:11"
"Quartz Calendar Watch","quartz calendar watch","inactive",1,"2026-04-17 10:01:11"
"Quartz Men's Watch with Large Dial and Rubber Strap","quartz men's watch with large dial and rubber strap","inactive",1,"2026-04-17 10:01:11"
"Quartz Stainless Steel Watch for Men","quartz stainless steel watch for men","inactive",1,"2026-04-17 10:01:11"
"Quartz Watch","quartz watch","inactive",1,"2026-04-17 10:01:11"
"Quartz Watch for Men","quartz watch for men","inactive",1,"2026-04-17 10:01:11"
"Quartz Watch, Creative Gift Watch, DOM","quartz watch, creative gift watch, dom","inactive",1,"2026-04-17 10:01:11"
"Quartz Women's Watch with Luminous Starry Design","quartz women's watch with luminous starry design","inactive",1,"2026-04-17 10:01:11"
"Queen Helene Cocoa Butter | Hand + Body Lotion | Soothes and Softens | Extremely Dry Skin","queen helene cocoa butter | hand + body lotion | soothes and softens | extremely dry skin","inactive",1,"2026-04-17 10:01:11"
"Rakhi NR9","rakhi nr9","inactive",1,"2026-04-17 10:01:11"
"Rakhi/Bracelet NR26","rakhi/bracelet nr26","inactive",1,"2026-04-17 10:01:11"
"Ram Darbar Photo Frame With Charan Paduka Box Gift Set","ram darbar photo frame with charan paduka box gift set","inactive",1,"2026-04-17 10:01:11"
"RAMBUTAN FRUIT – (450g-500g)","rambutan fruit – (450g-500g)","inactive",1,"2026-04-17 10:01:11"
"Rangoli Colour  Blue Powder with Squeeze Bottle -100gm","rangoli colour  blue powder with squeeze bottle -100gm","inactive",1,"2026-04-17 10:01:11"
"Rangoli Colour Dark Green Powder with Squeeze Bottle -100gm","rangoli colour dark green powder with squeeze bottle -100gm","inactive",1,"2026-04-17 10:01:11"
"RANGOLI DOT BOTTLE WITH CAP – 1Pc","rangoli dot bottle with cap – 1pc","inactive",1,"2026-04-17 10:01:11"
"Rechargeable Anti Dog Bark Deterrent Device With LED Flashlight","rechargeable anti dog bark deterrent device with led flashlight","inactive",1,"2026-04-17 10:01:11"
"Red Chilli - gemahlen - 1 Kg","red chilli - gemahlen - 1 kg","inactive",1,"2026-04-17 10:01:11"
"Red Full Temple","red full temple","inactive",1,"2026-04-17 10:01:11"
"Regal Almond Cookies | Egg Free","regal almond cookies | egg free","inactive",1,"2026-04-17 10:01:11"
"Regal Coconut Cookies | Egg Free","regal coconut cookies | egg free","inactive",1,"2026-04-17 10:01:11"
"Regal Nan Khatai Cookies | Shortcake Biscuits","regal nan khatai cookies | shortcake biscuits","inactive",1,"2026-04-17 10:01:11"
"Removable Base Night Lamp","removable base night lamp","inactive",1,"2026-04-17 10:01:11"
"Resin Deer Statue Sculpture Ornament","resin deer statue sculpture ornament","inactive",1,"2026-04-17 10:01:11"
"Resin Flower Launcher Statue","resin flower launcher statue","inactive",1,"2026-04-17 10:01:11"
"Resin Watch Strap for Apple Watch: Compatible with Series 5, 4, 3, 2, 1","resin watch strap for apple watch: compatible with series 5, 4, 3, 2, 1","inactive",1,"2026-04-17 10:01:11"
"Restaurant NFC Feedback Standee","restaurant nfc feedback standee","inactive",1,"2026-04-17 10:01:11"
"Retro Arabic Quartz Watch","retro arabic quartz watch","inactive",1,"2026-04-17 10:01:11"
"Retro Bluetooth Turntable Speaker with RGB Lamp","retro bluetooth turntable speaker with rgb lamp","inactive",1,"2026-04-17 10:01:11"
"Retro Chinese Postcard A","retro chinese postcard a","inactive",1,"2026-04-17 10:01:11"
"Retro Chinese Postcard B","retro chinese postcard b","inactive",1,"2026-04-17 10:01:11"
"Retro Corduroy Shoulder Bag","retro corduroy shoulder bag","inactive",1,"2026-04-17 10:01:11"
"Retro Fashion Women's Watch","retro fashion women's watch","inactive",1,"2026-04-17 10:01:11"
"Retro Flip Clock","retro flip clock","inactive",1,"2026-04-17 10:01:11"
"Retro Pirate Ship Notebook","retro pirate ship notebook","inactive",1,"2026-04-17 10:01:11"
"Retro Velvet Flying Tiger Embroidery Cushion Cover","retro velvet flying tiger embroidery cushion cover","inactive",1,"2026-04-17 10:01:11"
"RFID Airtag Slim Wallet","rfid airtag slim wallet","inactive",1,"2026-04-17 10:01:11"
"RFID Black Magic Trifold Leather Slim Mini Wallet","rfid black magic trifold leather slim mini wallet","inactive",1,"2026-04-17 10:01:11"
"RG Guruvayur Pappadam 200g","rg guruvayur pappadam 200g","inactive",1,"2026-04-17 10:01:11"
"RG Pathri/ Idiyappam Podi 1kg","rg pathri/ idiyappam podi 1kg","inactive",1,"2026-04-17 10:01:11"
"RG Sharkara Varatti 150g","rg sharkara varatti 150g","inactive",1,"2026-04-17 10:01:11"
"RIdhi Sidhi with Shubh Labh Toran","ridhi sidhi with shubh labh toran","inactive",1,"2026-04-17 10:01:11"
"Rimel de Sprâncene LeClerc Nº 02 châtain","rimel de sprâncene leclerc nº 02 châtain","inactive",1,"2026-04-17 10:01:11"
"Rimel Essence I Love Extreme Crazy Volume 12 ml","rimel essence i love extreme crazy volume 12 ml","inactive",1,"2026-04-17 10:01:11"
"Rimel Essence Lash Like A Boss 9,5 ml","rimel essence lash like a boss 9,5 ml","inactive",1,"2026-04-17 10:01:11"
"Rimel Essence Lash Like A Boss Rezistent la apă 9,5 ml","rimel essence lash like a boss rezistent la apă 9,5 ml","inactive",1,"2026-04-17 10:01:11"
"Rimel Mega Volume Collagene L'Oreal Make Up Mega Volume Collagene 9 ml","rimel mega volume collagene l'oreal make up mega volume collagene 9 ml","inactive",1,"2026-04-17 10:01:11"
"Rimel Scandaleyes Rimmel London (12 ml)","rimel scandaleyes rimmel london (12 ml)","inactive",1,"2026-04-17 10:01:11"
"Rimel Wonder'full Argan Rimmel London","rimel wonder'full argan rimmel london","inactive",1,"2026-04-17 10:01:11"
"RivetRide Large Crossbody Shoulder Bag","rivetride large crossbody shoulder bag","inactive",1,"2026-04-17 10:01:11"
"Road Bike Safety Horn","road bike safety horn","inactive",1,"2026-04-17 10:01:11"
"Robust Travel Charger for Apple Watch","robust travel charger for apple watch","inactive",1,"2026-04-17 10:01:11"
"Roland 2 pcs plate with decor","roland 2 pcs plate with decor","inactive",1,"2026-04-17 10:01:11"
"Roland Germany 56 Teilig Tafelservice","roland germany 56 teilig tafelservice","inactive",1,"2026-04-17 10:01:11"
"Rose apple","rose apple","inactive",1,"2026-04-17 10:01:11"
"Rose Gold Chic Watch","rose gold chic watch","inactive",1,"2026-04-17 10:01:11"
"Rose Gold Fashion Watch","rose gold fashion watch","inactive",1,"2026-04-17 10:01:11"
"Rose Gold Luxury Watch Set","rose gold luxury watch set","inactive",1,"2026-04-17 10:01:11"
"Rose Gold Mesh Band Marble Wrist Watch","rose gold mesh band marble wrist watch","inactive",1,"2026-04-17 10:01:11"
"Rose Gold Quartz Wristwatches","rose gold quartz wristwatches","inactive",1,"2026-04-17 10:01:11"
"Rose Gold Women Watch","rose gold women watch","inactive",1,"2026-04-17 10:01:11"
"Rotating Aroma Humidifier","rotating aroma humidifier","inactive",1,"2026-04-17 10:01:11"
"Royal Thai Klebreis","royal thai klebreis","inactive",1,"2026-04-17 10:01:11"
"Royalty Line Buffet Server 600W","royalty line buffet server 600w","inactive",1,"2026-04-17 10:01:11"
"Royalty Line Juice Extractor 700W","royalty line juice extractor 700w","inactive",1,"2026-04-17 10:01:11"
"RSD-Xtreme - Wicket Keeping Gloves","rsd-xtreme - wicket keeping gloves","inactive",1,"2026-04-17 10:01:11"
"Rudraksh Mala","rudraksh mala","inactive",1,"2026-04-17 10:01:11"
"RUIMAS Ladies Watch Bracelet Brand Luxury Women Watches Waterproof Quartz Female Watches Fashion Casual Wrist Watch Clock 571","ruimas ladies watch bracelet brand luxury women watches waterproof quartz female watches fashion casual wrist watch clock 571","inactive",1,"2026-04-17 10:01:11"
"RUIMAS Men Mechanical Watch Luxury Automatic Stainless Steel Bracelet Wristwatches 5ATM Waterproof Clock Relogio Masculino","ruimas men mechanical watch luxury automatic stainless steel bracelet wristwatches 5atm waterproof clock relogio masculino","inactive",1,"2026-04-17 10:01:11"
"RUIMAS Women Automatic Mechanical Watch Steel Strap Ladies Business Wrist Watch Fashion Waterproof Date Clock Montre Femme 6756","ruimas women automatic mechanical watch steel strap ladies business wrist watch fashion waterproof date clock montre femme 6756","inactive",1,"2026-04-17 10:01:11"
"Rímel Deborah My Power Volume 14 ml","rímel deborah my power volume 14 ml","inactive",1,"2026-04-17 10:01:11"
"Sahar Khiz Ear Grey Black Tea - 20 Tea bags","sahar khiz ear grey black tea - 20 tea bags","inactive",1,"2026-04-17 10:01:11"
"Sahar Khiz Green Tea Bags - 20 Teabags","sahar khiz green tea bags - 20 teabags","inactive",1,"2026-04-17 10:01:11"
"SAMAARA ASSAM BLACK TEA BAGS (300 Tips) – 870g","samaara assam black tea bags (300 tips) – 870g","inactive",1,"2026-04-17 10:01:11"
"Samahan 100% Ayurveda Tea 150g (30 pack)","samahan 100% ayurveda tea 150g (30 pack)","inactive",1,"2026-04-17 10:01:11"
"Samsung Galaxy Watch","samsung galaxy watch","inactive",1,"2026-04-17 10:01:11"
"Sapumal Sambrani | Loban | Benzoin Resin (Powder) 50g","sapumal sambrani | loban | benzoin resin (powder) 50g","inactive",1,"2026-04-17 10:01:11"
"SATA2.5-inch Mechanical SSD Solid State Drive","sata2.5-inch mechanical ssd solid state drive","inactive",1,"2026-04-17 10:01:11"
"Sateprikkers / Bamboo Skewers - 15cm","sateprikkers / bamboo skewers - 15cm","inactive",1,"2026-04-17 10:01:11"
"Satya Sai Baba Nag Champa Agarbathi | Incense Sticks 15g","satya sai baba nag champa agarbathi | incense sticks 15g","inactive",1,"2026-04-17 10:01:11"
"Satya Sandalwood Dhoop Cone - Back Flow- 24 Cones","satya sandalwood dhoop cone - back flow- 24 cones","inactive",1,"2026-04-17 10:01:11"
"Schani Roti Chapatti 15pcs","schani roti chapatti 15pcs","inactive",1,"2026-04-17 10:01:11"
"Schani Soya Chunks – 200g | High-Protein Vegetarian Meat Substitute","schani soya chunks – 200g | high-protein vegetarian meat substitute","inactive",1,"2026-04-17 10:01:11"
"School Backpack","school backpack","inactive",1,"2026-04-17 10:01:11"
"Schoolbag","schoolbag","inactive",1,"2026-04-17 10:01:11"
"Schwarze Rose Kali Mehandi","schwarze rose kali mehandi","inactive",1,"2026-04-17 10:01:11"
"Scrub Leather Body Bag","scrub leather body bag","inactive",1,"2026-04-17 10:01:11"
"Scrunchie Strap Watch","scrunchie strap watch","inactive",1,"2026-04-17 10:01:11"
"Sea Isle  Black Beans in Salted Water 400g","sea isle  black beans in salted water 400g","inactive",1,"2026-04-17 10:01:11"
"Season Ended - 12 Fresh Alphonso Mango | Back in May 2026","season ended - 12 fresh alphonso mango | back in may 2026","inactive",1,"2026-04-17 10:01:11"
"Season Ended - 4 to 5 Fresh Badami Mango | Back in May 2026","season ended - 4 to 5 fresh badami mango | back in may 2026","inactive",1,"2026-04-17 10:01:11"
"Season Ended - 4 to 6 Fresh Kesar Mango | Back in May 2026","season ended - 4 to 6 fresh kesar mango | back in may 2026","inactive",1,"2026-04-17 10:01:11"
"Season Ended - 6 Fresh Alphonso Mango | Back in May 2026","season ended - 6 fresh alphonso mango | back in may 2026","inactive",1,"2026-04-17 10:01:11"
"Season Ended - 8 to 12 Fresh Kesar Mango | Back in May 2026","season ended - 8 to 12 fresh kesar mango | back in may 2026","inactive",1,"2026-04-17 10:01:11"
"Season Ended - Fresh 3 to 5 Mango Pakistani (Sindhri) | Back in May 2026","season ended - fresh 3 to 5 mango pakistani (sindhri) | back in may 2026","inactive",1,"2026-04-17 10:01:11"
"Season Ended - Fresh 9 to 11 Mango Pakistani (Sindhri) | Back in May 2026","season ended - fresh 9 to 11 mango pakistani (sindhri) | back in may 2026","inactive",1,"2026-04-17 10:01:11"
"Self-timer Lamp LED Rechargeable Light For Mobile","self-timer lamp led rechargeable light for mobile","inactive",1,"2026-04-17 10:01:11"
"Semiconductor Magnetic Phone Radiator","semiconductor magnetic phone radiator","inactive",1,"2026-04-17 10:01:11"
"Sempio Korean BBQ Kalbi 300gm","sempio korean bbq kalbi 300gm","inactive",1,"2026-04-17 10:01:11"
"SEMPIO Seaweed Snack Original Seasoned Gim Jaban Laver Crispy & Crunchy - 50g","sempio seaweed snack original seasoned gim jaban laver crispy & crunchy - 50g","inactive",1,"2026-04-17 10:01:11"
"SENSAI makellose Satin-Grundierung SPF25 #204,5-warmes Beige 30 ml","sensai makellose satin-grundierung spf25 #204,5-warmes beige 30 ml","inactive",1,"2026-04-17 10:01:11"
"Ser de regenerare a genelor Gosh Copenhagen Growth 6 ml","ser de regenerare a genelor gosh copenhagen growth 6 ml","inactive",1,"2026-04-17 10:01:11"
"Series 9 PK HK8 PRO MAX Smartwatch","series 9 pk hk8 pro max smartwatch","inactive",1,"2026-04-17 10:01:11"
"Set de Machiaj Magic Studio Colorful Swanky Servietă","set de machiaj magic studio colorful swanky servietă","inactive",1,"2026-04-17 10:01:11"
"Set de Machiaj Magic Studio Wild Safari Furious Beauty 7 Piese","set de machiaj magic studio wild safari furious beauty 7 piese","inactive",1,"2026-04-17 10:01:11"
"Set of 2 Red Bangles","set of 2 red bangles","inactive",1,"2026-04-17 10:01:11"
"Set of 2 Toran- Pearls","set of 2 toran- pearls","inactive",1,"2026-04-17 10:01:11"
"Set of 4 Golden Bangles","set of 4 golden bangles","inactive",1,"2026-04-17 10:01:11"
"Seven Chakra Metal Incense Stick Holder","seven chakra metal incense stick holder","inactive",1,"2026-04-17 10:01:11"
"Seven Chakra Metal Multi Colour Incense Stick Holder","seven chakra metal multi colour incense stick holder","inactive",1,"2026-04-17 10:01:11"
"Seyfrieds | Basilikum bio | fein gerebelt 50g","seyfrieds | basilikum bio | fein gerebelt 50g","inactive",1,"2026-04-17 10:01:11"
"Seyfrieds | Bockshornklee bio | Samen ganz 50g","seyfrieds | bockshornklee bio | samen ganz 50g","inactive",1,"2026-04-17 10:01:11"
"Seyfrieds | Chillies bio |Cayennepfef fer gemahlen 50g","seyfrieds | chillies bio |cayennepfef fer gemahlen 50g","inactive",1,"2026-04-17 10:01:11"
"Seyfrieds | Fenchel bio | ganz 50g","seyfrieds | fenchel bio | ganz 50g","inactive",1,"2026-04-17 10:01:11"
"Seyfrieds | Garam Masala | bio 50g","seyfrieds | garam masala | bio 50g","inactive",1,"2026-04-17 10:01:11"
"Seyfrieds | Ingwer bio | gemahlen 50g","seyfrieds | ingwer bio | gemahlen 50g","inactive",1,"2026-04-17 10:01:11"
"Seyfrieds | Koriander blaetter bio | ganz 50g","seyfrieds | koriander blaetter bio | ganz 50g","inactive",1,"2026-04-17 10:01:11"
"Seyfrieds | Koriander ganz | bio 50g","seyfrieds | koriander ganz | bio 50g","inactive",1,"2026-04-17 10:01:11"
"Seyfrieds | Koriander | bio gemahlen | 50g","seyfrieds | koriander | bio gemahlen | 50g","inactive",1,"2026-04-17 10:01:11"
"Seyfrieds | Muskat nuss bio | ganz 50g","seyfrieds | muskat nuss bio | ganz 50g","inactive",1,"2026-04-17 10:01:11"
"Seyfrieds | Nelken bio | ganz 50g","seyfrieds | nelken bio | ganz 50g","inactive",1,"2026-04-17 10:01:11"
"Seyfrieds | Panch Pureen bio | 50g","seyfrieds | panch pureen bio | 50g","inactive",1,"2026-04-17 10:01:11"
"Seyfrieds | Paprika bio |edelsuess gemahlen 50g","seyfrieds | paprika bio |edelsuess gemahlen 50g","inactive",1,"2026-04-17 10:01:11"
"Seyfrieds | Petersilie bio | gerebelt 50g","seyfrieds | petersilie bio | gerebelt 50g","inactive",1,"2026-04-17 10:01:11"
"Seyfrieds | Pfeffer bio | schwarz ganz gerebelt 50g","seyfrieds | pfeffer bio | schwarz ganz gerebelt 50g","inactive",1,"2026-04-17 10:01:11"
"Seyfrieds | Pfeffer bio | weiss gemahlen 50g","seyfrieds | pfeffer bio | weiss gemahlen 50g","inactive",1,"2026-04-17 10:01:11"
"Seyfrieds | Pippali bio | Langer Pfeffer ganz 50g","seyfrieds | pippali bio | langer pfeffer ganz 50g","inactive",1,"2026-04-17 10:01:11"
"Seyfrieds | Rosmarin bio | geschnitten 50g","seyfrieds | rosmarin bio | geschnitten 50g","inactive",1,"2026-04-17 10:01:11"
"Seyfrieds | Sternanis bio | ganz 50g","seyfrieds | sternanis bio | ganz 50g","inactive",1,"2026-04-17 10:01:11"
"Seyfrieds | Zimt bio | Cassia gemahlen 50g","seyfrieds | zimt bio | cassia gemahlen 50g","inactive",1,"2026-04-17 10:01:11"
"SG Umpire Counter (1pc)","sg umpire counter (1pc)","inactive",1,"2026-04-17 10:01:11"
"Shagun Decorated Coconut","shagun decorated coconut","inactive",1,"2026-04-17 10:01:11"
"Shagun Pooja Diva Vat Round /Diya Batti - 20pcs","shagun pooja diva vat round /diya batti - 20pcs","inactive",1,"2026-04-17 10:01:11"
"Shaka Malt | Power & Energy Drink | Non Alcoholic Malt Drink | 330ml","shaka malt | power & energy drink | non alcoholic malt drink | 330ml","inactive",1,"2026-04-17 10:01:11"
"Shan Daal Masala","shan daal masala","inactive",1,"2026-04-17 10:01:11"
"Shan Dahi Bara Mix","shan dahi bara mix","inactive",1,"2026-04-17 10:01:11"
"Shan Kat a Kat 50gm","shan kat a kat 50gm","inactive",1,"2026-04-17 10:01:11"
"Shan kunna 50g","shan kunna 50g","inactive",1,"2026-04-17 10:01:11"
"Sharmili Metal Bangles Size 2.10 - Set of 24 - Purple","sharmili metal bangles size 2.10 - set of 24 - purple","inactive",1,"2026-04-17 10:01:11"
"Sharmili Metal Bangles Size 2.10 - Set of 24 - White","sharmili metal bangles size 2.10 - set of 24 - white","inactive",1,"2026-04-17 10:01:11"
"Sharmili Metal Bangles Size 2.10 - Set of 24 - Yellow","sharmili metal bangles size 2.10 - set of 24 - yellow","inactive",1,"2026-04-17 10:01:11"
"Shengke Fashion Watch for Women","shengke fashion watch for women","inactive",1,"2026-04-17 10:01:11"
"Shezan Cordia Myxa Pickle in Oil 1 kg","shezan cordia myxa pickle in oil 1 kg","inactive",1,"2026-04-17 10:01:11"
"Shezan Lime Pickle 1Kg","shezan lime pickle 1kg","inactive",1,"2026-04-17 10:01:11"
"Shezan Lime Pickle in Oil 325g","shezan lime pickle in oil 325g","inactive",1,"2026-04-17 10:01:11"
"Shezan Mix Pickle 1kg","shezan mix pickle 1kg","inactive",1,"2026-04-17 10:01:11"
"Shezan Mix Pickle in Oil 1 kg","shezan mix pickle in oil 1 kg","inactive",1,"2026-04-17 10:01:11"
"Shezan Sarson Ka Saag 840g","shezan sarson ka saag 840g","inactive",1,"2026-04-17 10:01:11"
"Shopping Trolley Cart Handbag","shopping trolley cart handbag","inactive",1,"2026-04-17 10:01:11"
"Shoulder Bag","shoulder bag","inactive",1,"2026-04-17 10:01:11"
"Shoulder Tote Bag","shoulder tote bag","inactive",1,"2026-04-17 10:01:11"
"Silicone Bracelet Charms for Apple Watchband","silicone bracelet charms for apple watchband","inactive",1,"2026-04-17 10:01:11"
"Silicone Sport Band  Watch","silicone sport band  watch","inactive",1,"2026-04-17 10:01:11"
"Silicone Watch Strap","silicone watch strap","inactive",1,"2026-04-17 10:01:11"
"Simple Large-Capacity Shoulder Bag","simple large-capacity shoulder bag","inactive",1,"2026-04-17 10:01:11"
"Simple Travel Compression Storage Bag","simple travel compression storage bag","inactive",1,"2026-04-17 10:01:11"
"Single Shoulder Luxury Handbag","single shoulder luxury handbag","inactive",1,"2026-04-17 10:01:11"
"Skate Bag backpack","skate bag backpack","inactive",1,"2026-04-17 10:01:11"
"Skeleton Dial Sports Watch","skeleton dial sports watch","inactive",1,"2026-04-17 10:01:11"
"Skeleton Quartz Watch","skeleton quartz watch","inactive",1,"2026-04-17 10:01:11"
"Skeleton Vintage Men's Watch","skeleton vintage men's watch","inactive",1,"2026-04-17 10:01:11"
"Ski diaper pants outdoor riding sports diaper pants","ski diaper pants outdoor riding sports diaper pants","inactive",1,"2026-04-17 10:01:11"
"Skull Men's Watch with Black Metal Mesh Band","skull men's watch with black metal mesh band","inactive",1,"2026-04-17 10:01:11"
"Slim Sport Watch | Stainless Steel","slim sport watch | stainless steel","inactive",1,"2026-04-17 10:01:11"
"SMAEL Brand Men Sports Watches Dual Display","smael brand men sports watches dual display","inactive",1,"2026-04-17 10:01:11"
"Small Bag for Holy Books","small bag for holy books","inactive",1,"2026-04-17 10:01:11"
"Small Blue Bag for Holy Books","small blue bag for holy books","inactive",1,"2026-04-17 10:01:11"
"Small Orange Bag for Holy Books","small orange bag for holy books","inactive",1,"2026-04-17 10:01:11"
"Small Red Bag for Holy Books","small red bag for holy books","inactive",1,"2026-04-17 10:01:11"
"Smart  Apple Watch Series","smart  apple watch series","inactive",1,"2026-04-17 10:01:11"
"Smart Fitness Watch with Heart Rate Monitor","smart fitness watch with heart rate monitor","inactive",1,"2026-04-17 10:01:11"
"Smart Home Door Sensor","smart home door sensor","inactive",1,"2026-04-17 10:01:11"
"Smart Led Pixel Backpack","smart led pixel backpack","inactive",1,"2026-04-17 10:01:11"
"Smart Projector","smart projector","inactive",1,"2026-04-17 10:01:11"
"Smart Watch 1.44 Inch 116S","smart watch 1.44 inch 116s","inactive",1,"2026-04-17 10:01:11"
"Smart Watch 8 Ultra","smart watch 8 ultra","inactive",1,"2026-04-17 10:01:11"
"Smart Watch 8 Ultra 49mm","smart watch 8 ultra 49mm","inactive",1,"2026-04-17 10:01:11"
"Smart Watch Bluetooth","smart watch bluetooth","inactive",1,"2026-04-17 10:01:11"
"Smart Watch Bracelet For Women","smart watch bracelet for women","inactive",1,"2026-04-17 10:01:11"
"Smart Watch Earbuds 2 In 1 Stereo Wireless Headset","smart watch earbuds 2 in 1 stereo wireless headset","inactive",1,"2026-04-17 10:01:11"
"Smart Watch For IOS","smart watch for ios","inactive",1,"2026-04-17 10:01:11"
"Smart Watch Ladies Sport Fitness","smart watch ladies sport fitness","inactive",1,"2026-04-17 10:01:11"
"Smart Watch Men Body Temperature Blood Pressure Heart Rate","smart watch men body temperature blood pressure heart rate","inactive",1,"2026-04-17 10:01:11"
"Smart Watch Remote Controlled","smart watch remote controlled","inactive",1,"2026-04-17 10:01:11"
"Smart Watch with Earbuds","smart watch with earbuds","inactive",1,"2026-04-17 10:01:11"
"Smart WiFi Remote Controlled Door Lock","smart wifi remote controlled door lock","inactive",1,"2026-04-17 10:01:11"
"Smart WiFi RGB Digital Clock – App-Controlled Cyberpunk LED Display","smart wifi rgb digital clock – app-controlled cyberpunk led display","inactive",1,"2026-04-17 10:01:11"
"Smartband Smartwatch","smartband smartwatch","inactive",1,"2026-04-17 10:01:11"
"SmartTime Waterproof Reminder Watch","smarttime waterproof reminder watch","inactive",1,"2026-04-17 10:01:11"
"SmartView Wireless Wifi Mini Monitor","smartview wireless wifi mini monitor","inactive",1,"2026-04-17 10:01:11"
"Smartwatch Bluetooth and Intelligent Watch","smartwatch bluetooth and intelligent watch","inactive",1,"2026-04-17 10:01:11"
"Smartwatch Bracelets","smartwatch bracelets","inactive",1,"2026-04-17 10:01:11"
"Smartwatch GS Pro Max AMOLED","smartwatch gs pro max amoled","inactive",1,"2026-04-17 10:01:11"
"Smartwatch HW8 Max for Men","smartwatch hw8 max for men","inactive",1,"2026-04-17 10:01:11"
"Smartwatch S8 Upraded","smartwatch s8 upraded","inactive",1,"2026-04-17 10:01:11"
"SmartWatch Series 1.77-inch HD IPS","smartwatch series 1.77-inch hd ips","inactive",1,"2026-04-17 10:01:11"
"Smeraldo Milano Dry Fish Anchovy | Kozhuva | Nethili | Netholi (with Head) 150g","smeraldo milano dry fish anchovy | kozhuva | nethili | netholi (with head) 150g","inactive",1,"2026-04-17 10:01:11"
"Snake Brand Alligator PU Leather Messenger Bag","snake brand alligator pu leather messenger bag","inactive",1,"2026-04-17 10:01:11"
"Snake Gourd","snake gourd","inactive",1,"2026-04-17 10:01:11"
"Soft Leather Cloud Bag: Women's Single Shoulder Purse","soft leather cloud bag: women's single shoulder purse","inactive",1,"2026-04-17 10:01:11"
"Sombra de Olhos Shiseido Pop 2,5 g","sombra de olhos shiseido pop 2,5 g","inactive",1,"2026-04-17 10:01:11"
"Sombra de Olhos Shiseido Pop PowderGel (2,5 g)","sombra de olhos shiseido pop powdergel (2,5 g)","inactive",1,"2026-04-17 10:01:11"
"Sombra para os Olhos em Creme It Cosmetics Superhero No-Tug Bionic bronze 20 g","sombra para os olhos em creme it cosmetics superhero no-tug bionic bronze 20 g","inactive",1,"2026-04-17 10:01:11"
"Sombra para os Olhos em Creme It Cosmetics Superhero No-Tug Epic amethyst 20 g","sombra para os olhos em creme it cosmetics superhero no-tug epic amethyst 20 g","inactive",1,"2026-04-17 10:01:11"
"Sona Masoori Rice | Ali Baba Sona Masoori Rice 5kg","sona masoori rice | ali baba sona masoori rice 5kg","inactive",1,"2026-04-17 10:01:11"
"Sona Masoori Rice | Indian Gate Sona Masoorri Rice 5kg","sona masoori rice | indian gate sona masoorri rice 5kg","inactive",1,"2026-04-17 10:01:11"
"SoundBox Wireless Bluetooth Square Speaker""  Description","soundbox wireless bluetooth square speaker""  description","inactive",1,"2026-04-17 10:01:11"
"Sour Madness - 60g","sour madness - 60g","inactive",1,"2026-04-17 10:01:11"
"South Indian Filter Coffee Maker 200ml","south indian filter coffee maker 200ml","inactive",1,"2026-04-17 10:01:11"
"South Word Brand Brown Sugar In Pieces 454g","south word brand brown sugar in pieces 454g","inactive",1,"2026-04-17 10:01:11"
"SOWBAGHYA ALUMINIUM PRESSURE COOKER – 3Ltr (ALU03)","sowbaghya aluminium pressure cooker – 3ltr (alu03)","inactive",1,"2026-04-17 10:01:11"
"SOWBAGHYA ALUMINIUM PRESSURE COOKER – 5Ltr [ALU05]","sowbaghya aluminium pressure cooker – 5ltr [alu05]","inactive",1,"2026-04-17 10:01:11"
"SOWBAGHYA CAST IRON 2 IN 1 FLIP TAWA – 1Pc [SCI02]","sowbaghya cast iron 2 in 1 flip tawa – 1pc [sci02]","inactive",1,"2026-04-17 10:01:11"
"SOWBAGHYA CAST IRON PANIYARAKKAL 9 PITS – 1Pc (SCI03)","sowbaghya cast iron paniyarakkal 9 pits – 1pc (sci03)","inactive",1,"2026-04-17 10:01:11"
"SOWBAGHYA ELITE INDUCTION BASE ALUMINIUM PRESSURE COOKER – 3Ltr [IBPE03]","sowbaghya elite induction base aluminium pressure cooker – 3ltr [ibpe03]","inactive",1,"2026-04-17 10:01:11"
"SOWBAGHYA ELITE INDUCTION BASE ALUMINIUM PRESSURE COOKER – 5Ltr [IBPE05]","sowbaghya elite induction base aluminium pressure cooker – 5ltr [ibpe05]","inactive",1,"2026-04-17 10:01:11"
"SOWBAGHYA ELITE INDUCTION BASE PRESSURE COOKER ELITE – 3Ltr + 1Ltr PAN [EPP03]","sowbaghya elite induction base pressure cooker elite – 3ltr + 1ltr pan [epp03]","inactive",1,"2026-04-17 10:01:11"
"SOWBAGHYA EXTRA LARGE NON-STICK DOSA TAWA – 1Pc [NS19]","sowbaghya extra large non-stick dosa tawa – 1pc [ns19]","inactive",1,"2026-04-17 10:01:11"
"SOWBAGHYA FRY PAN INDUCTION BASE – 1Pc [ISS01]","sowbaghya fry pan induction base – 1pc [iss01]","inactive",1,"2026-04-17 10:01:11"
"SOWBAGHYA INDUCTION BASE STAINLESS IDLY COOKER (6 PLATES) – 1Pc [ISS10]","sowbaghya induction base stainless idly cooker (6 plates) – 1pc [iss10]","inactive",1,"2026-04-17 10:01:11"
"SOWBAGHYA INDUCTION BASE STAINLESS STEEL MILK COOKER – 1Ltr (ISS16)","sowbaghya induction base stainless steel milk cooker – 1ltr (iss16)","inactive",1,"2026-04-17 10:01:11"
"SOWBAGHYA INDUCTION BASE STAINLESS STEEL PUTTU COOKER – 1Pc [ SSPM01]","sowbaghya induction base stainless steel puttu cooker – 1pc [ sspm01]","inactive",1,"2026-04-17 10:01:11"
"SOWBAGHYA NON-STICK DEEP APPAKADAI – 1Pc [NS14]","sowbaghya non-stick deep appakadai – 1pc [ns14]","inactive",1,"2026-04-17 10:01:11"
"SOWBAGHYA NON-STICK INDUCTION BASE DOSA TAWA – 1Pc [INS002]","sowbaghya non-stick induction base dosa tawa – 1pc [ins002]","inactive",1,"2026-04-17 10:01:11"
"SOWBAGHYA NON-STICK MINI PANIYARAKKA (7 ROUND) – 1Pc [ NS03]","sowbaghya non-stick mini paniyarakka (7 round) – 1pc [ ns03]","inactive",1,"2026-04-17 10:01:11"
"SOWBAGHYA NON-STICK MULTI TAWA – 1Pc [NS13]","sowbaghya non-stick multi tawa – 1pc [ns13]","inactive",1,"2026-04-17 10:01:11"
"SOWBAGHYA NON-STICK PANIYARAKKA (9 ROUND) – 1Pc (NS23)","sowbaghya non-stick paniyarakka (9 round) – 1pc (ns23)","inactive",1,"2026-04-17 10:01:11"
"SOWBAGHYA NON-STICK PANIYARAKKAL REGULAR (12 ROUNDS) – 1Pc [NS04]","sowbaghya non-stick paniyarakkal regular (12 rounds) – 1pc [ns04]","inactive",1,"2026-04-17 10:01:11"
"SOWBAGHYA NON-STICK UTTAPAM TAWA 4 PITS – 1Pc [NS20]","sowbaghya non-stick uttapam tawa 4 pits – 1pc [ns20]","inactive",1,"2026-04-17 10:01:11"
"SOWBAGHYA PRE-SEASONED CAST IRON TAWA – 1Pc [SCI01]","sowbaghya pre-seasoned cast iron tawa – 1pc [sci01]","inactive",1,"2026-04-17 10:01:11"
"SOWBAGHYA STAINLESS ELITE MULTI KADAI – 1Pc [SS24]","sowbaghya stainless elite multi kadai – 1pc [ss24]","inactive",1,"2026-04-17 10:01:11"
"SOWBAGHYA STAINLESS STEEL PRESSURE COOKER – 3Ltr [SSPCO3]","sowbaghya stainless steel pressure cooker – 3ltr [sspco3]","inactive",1,"2026-04-17 10:01:11"
"SOWBAGHYA STAINSTEEL DABARA – 2 SETS [SSDS01]","sowbaghya stainsteel dabara – 2 sets [ssds01]","inactive",1,"2026-04-17 10:01:11"
"SOWBAGHYA TADKA PAN  – 1Pc [NS26]","sowbaghya tadka pan  – 1pc [ns26]","inactive",1,"2026-04-17 10:01:11"
"SOWBAGHYA ULTIMA INDUCTION BASE STAINLESS STEEL IDLY COOKER (4 PLATES) – 1Pc [ISS09]","sowbaghya ultima induction base stainless steel idly cooker (4 plates) – 1pc [iss09]","inactive",1,"2026-04-17 10:01:11"
"SOWBAHYA ROTI MAKER – 1 PCS","sowbahya roti maker – 1 pcs","inactive",1,"2026-04-17 10:01:11"
"SP70B Digital Color Spirometer Pulmonary Function Lung Volume Device Bluetooth","sp70b digital color spirometer pulmonary function lung volume device bluetooth","inactive",1,"2026-04-17 10:01:11"
"Space Capsule USB Mini Air Humidifier","space capsule usb mini air humidifier","inactive",1,"2026-04-17 10:01:11"
"Spargelbohnen 1 Kg (Long Beans)","spargelbohnen 1 kg (long beans)","inactive",1,"2026-04-17 10:01:11"
"Speed Champion Brick Building Blocks","speed champion brick building blocks","inactive",1,"2026-04-17 10:01:11"
"Speed Champion Racer Brick Building Blocks","speed champion racer brick building blocks","inactive",1,"2026-04-17 10:01:11"
"Spinning Rim Watch","spinning rim watch","inactive",1,"2026-04-17 10:01:11"
"Spiral Curl Synthetic Hair","spiral curl synthetic hair","inactive",1,"2026-04-17 10:01:11"
"Spiritual Notebook Leather with Sun/Moon (17.5 x 13 cm) – Handmade","spiritual notebook leather with sun/moon (17.5 x 13 cm) – handmade","inactive",1,"2026-04-17 10:01:11"
"Splashproof Kids' LED Watch","splashproof kids' led watch","inactive",1,"2026-04-17 10:01:11"
"Sport Automotive Watches","sport automotive watches","inactive",1,"2026-04-17 10:01:11"
"Sport Case And Strap Watch","sport case and strap watch","inactive",1,"2026-04-17 10:01:11"
"Sports Car Building Blocks","sports car building blocks","inactive",1,"2026-04-17 10:01:11"
"Sports Rim Hub Men's Watch","sports rim hub men's watch","inactive",1,"2026-04-17 10:01:11"
"Sports Watch","sports watch","inactive",1,"2026-04-17 10:01:11"
"Sports- Power Gold- Tennis Ball- Cricket Bat","sports- power gold- tennis ball- cricket bat","inactive",1,"2026-04-17 10:01:11"
"Sporty Six-Pin Quartz Watch","sporty six-pin quartz watch","inactive",1,"2026-04-17 10:01:11"
"Square LED Digital Watch","square led digital watch","inactive",1,"2026-04-17 10:01:11"
"Square Quartz Watch","square quartz watch","inactive",1,"2026-04-17 10:01:11"
"SS 281- Kids Bat- Cricket Bat","ss 281- kids bat- cricket bat","inactive",1,"2026-04-17 10:01:11"
"SS Select Duffle Cricket Kit Bag (1pc)","ss select duffle cricket kit bag (1pc)","inactive",1,"2026-04-17 10:01:11"
"SS Sky Flicker Cricket Kit Bag (1pc)","ss sky flicker cricket kit bag (1pc)","inactive",1,"2026-04-17 10:01:11"
"SS Syndicate Sports- Kit Bags","ss syndicate sports- kit bags","inactive",1,"2026-04-17 10:01:11"
"Stainless Mesh Band Watch","stainless mesh band watch","inactive",1,"2026-04-17 10:01:11"
"Stainless Steel Band For Apple Watch","stainless steel band for apple watch","inactive",1,"2026-04-17 10:01:11"
"Stainless Steel Case & Strap For Apple Watch Band","stainless steel case & strap for apple watch band","inactive",1,"2026-04-17 10:01:11"
"Stainless Steel Case Mod Kit for Apple Watch Ultra 1/2 & Series 4-9 – 49mm & 45/44mm with Fluororubber Strap","stainless steel case mod kit for apple watch ultra 1/2 & series 4-9 – 49mm & 45/44mm with fluororubber strap","inactive",1,"2026-04-17 10:01:11"
"Stainless Steel LANGAR THALI | 5 Compartments Extra Deep - 1 Piece","stainless steel langar thali | 5 compartments extra deep - 1 piece","inactive",1,"2026-04-17 10:01:11"
"Stainless Steel Led Designer Watch","stainless steel led designer watch","inactive",1,"2026-04-17 10:01:11"
"Stainless Steel Quartz Watch","stainless steel quartz watch","inactive",1,"2026-04-17 10:01:11"
"Stainless Steel Watch For Men","stainless steel watch for men","inactive",1,"2026-04-17 10:01:11"
"Starry Sky Women's Watch","starry sky women's watch","inactive",1,"2026-04-17 10:01:11"
"Stickers for Festivals D2","stickers for festivals d2","inactive",1,"2026-04-17 10:01:11"
"Stilla Shoulder Bag","stilla shoulder bag","inactive",1,"2026-04-17 10:01:11"
"Strainer -1 stk","strainer -1 stk","inactive",1,"2026-04-17 10:01:11"
"Strap For Apple Watch","strap for apple watch","inactive",1,"2026-04-17 10:01:11"
"Strap for Apple Watch Ultra","strap for apple watch ultra","inactive",1,"2026-04-17 10:01:11"
"Strap Watch","strap watch","inactive",1,"2026-04-17 10:01:11"
"Strap Watch Band","strap watch band","inactive",1,"2026-04-17 10:01:11"
"Stylish Business Casual Hollow Space Gold Watch","stylish business casual hollow space gold watch","inactive",1,"2026-04-17 10:01:11"
"Stylish Canvas Tote Bag","stylish canvas tote bag","inactive",1,"2026-04-17 10:01:11"
"Stylish Fashion Watch","stylish fashion watch","inactive",1,"2026-04-17 10:01:11"
"Stylish Resin Insect Brooch for Men and Women","stylish resin insect brooch for men and women","inactive",1,"2026-04-17 10:01:11"
"Stylish Silver Gray Mobile Phone Bag","stylish silver gray mobile phone bag","inactive",1,"2026-04-17 10:01:11"
"SUMANGALI SET – 1Pcs","sumangali set – 1pcs","inactive",1,"2026-04-17 10:01:11"
"Summer Baby Inflatable Swimming Pool","summer baby inflatable swimming pool","inactive",1,"2026-04-17 10:01:11"
"Suntkta Women's Dress Watches","suntkta women's dress watches","inactive",1,"2026-04-17 10:01:11"
"Super Fast Charge Power Bank","super fast charge power bank","inactive",1,"2026-04-17 10:01:11"
"SUPERSTAY INK crayon #85-change is good","superstay ink crayon #85-change is good","inactive",1,"2026-04-17 10:01:11"
"SUPERSTAY MATTE INK liquid lipstick #120-artist","superstay matte ink liquid lipstick #120-artist","inactive",1,"2026-04-17 10:01:11"
"SUPERSTAY MATTE INK liquid lipstick #150-path finder","superstay matte ink liquid lipstick #150-path finder","inactive",1,"2026-04-17 10:01:11"
"SUPERSTAY MATTE INK MOODMAKERS Lippenstift #455-harmonizer 5 ml","superstay matte ink moodmakers lippenstift #455-harmonizer 5 ml","inactive",1,"2026-04-17 10:01:11"
"SURAN – (400g -500g)","suran – (400g -500g)","inactive",1,"2026-04-17 10:01:11"
"Sweet Moulds","sweet moulds","inactive",1,"2026-04-17 10:01:11"
"Swiss Alpine Military 7005.1817SAM Mens Watch","swiss alpine military 7005.1817sam mens watch","inactive",1,"2026-04-17 10:01:11"
"Swiss Alpine Military 7005.9837SAM Mens Watch Chronograph","swiss alpine military 7005.9837sam mens watch chronograph","inactive",1,"2026-04-17 10:01:11"
"Swiss Alpine Military 7043.1117SAM Mens Watch","swiss alpine military 7043.1117sam mens watch","inactive",1,"2026-04-17 10:01:11"
"Swiss Alpine Military 7053.9117SAM Mens Watch Chronograph","swiss alpine military 7053.9117sam mens watch chronograph","inactive",1,"2026-04-17 10:01:11"
"Swiss Alpine Military 7055.1875SAM Mens Watch","swiss alpine military 7055.1875sam mens watch","inactive",1,"2026-04-17 10:01:11"
"Swiss Alpine Military 7078.9117SAM Mens Watch Chronograph","swiss alpine military 7078.9117sam mens watch chronograph","inactive",1,"2026-04-17 10:01:11"
"Swiss Alpine Military 7089.9117SAM Mens Watch Chronograph","swiss alpine military 7089.9117sam mens watch chronograph","inactive",1,"2026-04-17 10:01:11"
"Swiss Alpine Military GMT 7052.1114SAM Mens Watch","swiss alpine military gmt 7052.1114sam mens watch","inactive",1,"2026-04-17 10:01:11"
"Swiss Alpine Military GMT 7052.1117SAM Mens Watch","swiss alpine military gmt 7052.1117sam mens watch","inactive",1,"2026-04-17 10:01:11"
"Swiss Geneva Diamond Watch","swiss geneva diamond watch","inactive",1,"2026-04-17 10:01:11"
"Swiss Line SW-16GT","swiss line sw-16gt","inactive",1,"2026-04-17 10:01:11"
"Symphony RGB Luminous Mouse Pad","symphony rgb luminous mouse pad","inactive",1,"2026-04-17 10:01:11"
"Süßkartoffel Weiß","süßkartoffel weiß","inactive",1,"2026-04-17 10:01:11"
"Tactix Delta Watch","tactix delta watch","inactive",1,"2026-04-17 10:01:11"
"Tandoori Oven","tandoori oven","inactive",1,"2026-04-17 10:01:11"
"Target Children Fight Boxing Training Equipment","target children fight boxing training equipment","inactive",1,"2026-04-17 10:01:11"
"Taro Root","taro root","inactive",1,"2026-04-17 10:01:11"
"TARO ROOT/ARBI – [450g-500g]","taro root/arbi – [450g-500g]","inactive",1,"2026-04-17 10:01:11"
"Taroknollen (Arvi / Taro root)","taroknollen (arvi / taro root)","inactive",1,"2026-04-17 10:01:11"
"Tasty Nibbles Red Aval (Thin) | Red Rice Flakes / Poha – 300 Gms","tasty nibbles red aval (thin) | red rice flakes / poha – 300 gms","inactive",1,"2026-04-17 10:01:11"
"Tattoo Practice Skin Permanent Makeup","tattoo practice skin permanent makeup","inactive",1,"2026-04-17 10:01:11"
"TEA","tea","inactive",1,"2026-04-17 10:01:11"
"Tea Culture Classic Masala Chai Tea Bags - 20 Sachets","tea culture classic masala chai tea bags - 20 sachets","inactive",1,"2026-04-17 10:01:11"
"Teekanne - Calm & Relax - 20 Bags / 45g","teekanne - calm & relax - 20 bags / 45g","inactive",1,"2026-04-17 10:01:11"
"Teenagers' Watch Atlético Madrid (Ø 35 mm)","teenagers' watch atlético madrid (Ø 35 mm)","inactive",1,"2026-04-17 10:01:11"
"Telescopic Gravity Car Phone Holder","telescopic gravity car phone holder","inactive",1,"2026-04-17 10:01:11"
"TELUGU CUT MANGO PICKLE WITH GARLIC – 300g","telugu cut mango pickle with garlic – 300g","inactive",1,"2026-04-17 10:01:11"
"Telugu Roasted Dalia Splits – 500g | Roasted Chana Dal (Fried Gram)","telugu roasted dalia splits – 500g | roasted chana dal (fried gram)","inactive",1,"2026-04-17 10:01:11"
"Tender Coconut - 1 stuck ( Thailand )","tender coconut - 1 stuck ( thailand )","inactive",1,"2026-04-17 10:01:11"
"Tender coconut - Red 1 stk","tender coconut - red 1 stk","inactive",1,"2026-04-17 10:01:11"
"Tennis Ball - For Cricket","tennis ball - for cricket","inactive",1,"2026-04-17 10:01:11"
"Tetley - 1.5kg Tea Loose Leaf","tetley - 1.5kg tea loose leaf","inactive",1,"2026-04-17 10:01:11"
"Tetley - 300's Tea bags","tetley - 300's tea bags","inactive",1,"2026-04-17 10:01:11"
"Teucer JM-1 Case Fan Forward Case Fan","teucer jm-1 case fan forward case fan","inactive",1,"2026-04-17 10:01:11"
"Teucer Tc-35 Psu Extension Cable Kit Black","teucer tc-35 psu extension cable kit black","inactive",1,"2026-04-17 10:01:11"
"Thai Angel Poster 67X67cm","thai angel poster 67x67cm","inactive",1,"2026-04-17 10:01:11"
"Thai Bananen Kochbananen","thai bananen kochbananen","inactive",1,"2026-04-17 10:01:11"
"THE HOLY BIBLE -1Pcs","the holy bible -1pcs","inactive",1,"2026-04-17 10:01:11"
"The Hush Handle Ball","the hush handle ball","inactive",1,"2026-04-17 10:01:11"
"The New York Collection","the new york collection","inactive",1,"2026-04-17 10:01:11"
"The Pink Stuff Laundry Liquid - 960ml","the pink stuff laundry liquid - 960ml","inactive",1,"2026-04-17 10:01:11"
"The Skeleton Watch","the skeleton watch","inactive",1,"2026-04-17 10:01:11"
"The Sustainable 11-Piece Makeup Brush Set","the sustainable 11-piece makeup brush set","inactive",1,"2026-04-17 10:01:11"
"Thermometer Smart Watch","thermometer smart watch","inactive",1,"2026-04-17 10:01:11"
"Thick Knit Turtleneck Sweater for Women - Vintage Style","thick knit turtleneck sweater for women - vintage style","inactive",1,"2026-04-17 10:01:11"
"Thousand Sunny Cruise","thousand sunny cruise","inactive",1,"2026-04-17 10:01:11"
"Thread & Beads Necklace","thread & beads necklace","inactive",1,"2026-04-17 10:01:11"
"Thread & Pearls Necklace","thread & pearls necklace","inactive",1,"2026-04-17 10:01:11"
"Thread Necklace","thread necklace","inactive",1,"2026-04-17 10:01:11"
"Thread Wicks or Dhage ki Jyot","thread wicks or dhage ki jyot","inactive",1,"2026-04-17 10:01:11"
"Three-Layer Travel Shoe Bag","three-layer travel shoe bag","inactive",1,"2026-04-17 10:01:11"
"Tibetan Prayer Flags (5 Sets in One Bag, 2.15m Each)","tibetan prayer flags (5 sets in one bag, 2.15m each)","inactive",1,"2026-04-17 10:01:11"
"Tibetan Prayer Flags (One Set, 2.15m Length)","tibetan prayer flags (one set, 2.15m length)","inactive",1,"2026-04-17 10:01:11"
"Timekeeper™ - Travel Watch Case","timekeeper™ - travel watch case","inactive",1,"2026-04-17 10:01:11"
"Timeless Steel Watch","timeless steel watch","inactive",1,"2026-04-17 10:01:11"
"Tirupati Gulkand Paan / Mouth Freshener (200g)","tirupati gulkand paan / mouth freshener (200g)","inactive",1,"2026-04-17 10:01:11"
"Tirupati Meetha Paan / Mouth Freshener (200g)","tirupati meetha paan / mouth freshener (200g)","inactive",1,"2026-04-17 10:01:11"
"Tirupati Nada Chhadi / Moli Thread Roll / Pooja Kalava (Red and Yellow) (1pc)","tirupati nada chhadi / moli thread roll / pooja kalava (red and yellow) (1pc)","inactive",1,"2026-04-17 10:01:11"
"Titan Military Smart Watch Men","titan military smart watch men","inactive",1,"2026-04-17 10:01:11"
"Titan Track Smartwatch","titan track smartwatch","inactive",1,"2026-04-17 10:01:11"
"Togo Cowhide Women Handbag","togo cowhide women handbag","inactive",1,"2026-04-17 10:01:11"
"TONY’S DELIGHT BLUE SWIMMING CUT CRAB – 1Kg [FZN]","tony’s delight blue swimming cut crab – 1kg [fzn]","inactive",1,"2026-04-17 10:01:11"
"TONY’S DELIGHT CHILLI KOTHU PAROTTA – 350g [FZN]","tony’s delight chilli kothu parotta – 350g [fzn]","inactive",1,"2026-04-17 10:01:11"
"TONY’S DELIGHT GRATED COCONUT – 400g [FZN]","tony’s delight grated coconut – 400g [fzn]","inactive",1,"2026-04-17 10:01:11"
"TONY’S DELIGHT KOTHU PAROTTA – 1Kg [FZN]","tony’s delight kothu parotta – 1kg [fzn]","inactive",1,"2026-04-17 10:01:11"
"TONY’S DELIGHT MALABAR PARATHA – 330g [FZN]","tony’s delight malabar paratha – 330g [fzn]","inactive",1,"2026-04-17 10:01:11"
"TONY’S DELIGHT PONNI RICE –  5Kg","tony’s delight ponni rice –  5kg","inactive",1,"2026-04-17 10:01:11"
"TONY’S DELIGHT RED RAW RICE – 5Kg","tony’s delight red raw rice – 5kg","inactive",1,"2026-04-17 10:01:11"
"TONY’S DELIGHT SLICED COCONUT – 400g [FZN]","tony’s delight sliced coconut – 400g [fzn]","inactive",1,"2026-04-17 10:01:11"
"Top Op Dalia | Lapsi (Coarse) 500g","top op dalia | lapsi (coarse) 500g","inactive",1,"2026-04-17 10:01:11"
"Top Op Isabgol | Psyllium Whole Husk 100g","top op isabgol | psyllium whole husk 100g","inactive",1,"2026-04-17 10:01:11"
"Tote Bag Designers","tote bag designers","inactive",1,"2026-04-17 10:01:11"
"Touch Call Fitness Smartwatch IP67","touch call fitness smartwatch ip67","inactive",1,"2026-04-17 10:01:11"
"Trade Mark Ve-Tsin","trade mark ve-tsin","inactive",1,"2026-04-17 10:01:11"
"Traditional Brass  Deepam for Pooja 21cm","traditional brass  deepam for pooja 21cm","inactive",1,"2026-04-17 10:01:11"
"Traditional Brass  Deepam for Pooja 29cm","traditional brass  deepam for pooja 29cm","inactive",1,"2026-04-17 10:01:11"
"TRADITIONAL BRIDAL COTTON SAREE/KOORAI PUDAVAI – 1Pc","traditional bridal cotton saree/koorai pudavai – 1pc","inactive",1,"2026-04-17 10:01:11"
"Traditional Bride and Groom Toran","traditional bride and groom toran","inactive",1,"2026-04-17 10:01:11"
"TRADITIONAL CLAY KADAI/PAN SET – 1Pcs","traditional clay kadai/pan set – 1pcs","inactive",1,"2026-04-17 10:01:11"
"TRADITIONAL CLAY WATER BOTTLE – 1Pcs","traditional clay water bottle – 1pcs","inactive",1,"2026-04-17 10:01:11"
"Traditional Craft Multicolour Peacock Toran or Bandharwar","traditional craft multicolour peacock toran or bandharwar","inactive",1,"2026-04-17 10:01:11"
"Traditional Craft Multicolour Shubh Labh  Toran or Bandharwar","traditional craft multicolour shubh labh  toran or bandharwar","inactive",1,"2026-04-17 10:01:11"
"Traditional Craft Multicolour Toran or Bandharwar","traditional craft multicolour toran or bandharwar","inactive",1,"2026-04-17 10:01:11"
"TRADITIONAL GRAVY COOKING CLAY POT/CHATTI – 1Pcs","traditional gravy cooking clay pot/chatti – 1pcs","inactive",1,"2026-04-17 10:01:11"
"TRADITIONAL INDIAN STYLE CUTTING CHAI / TEA GLASS – 1 PCS","traditional indian style cutting chai / tea glass – 1 pcs","inactive",1,"2026-04-17 10:01:11"
"Trail Loop Watchband for iWatch Series","trail loop watchband for iwatch series","inactive",1,"2026-04-17 10:01:11"
"Transparent Skeleton Mechanical Watch","transparent skeleton mechanical watch","inactive",1,"2026-04-17 10:01:11"
"Travel Suit Bag","travel suit bag","inactive",1,"2026-04-17 10:01:11"
"Trend Flap Square Bags","trend flap square bags","inactive",1,"2026-04-17 10:01:11"
"Trendy Diamond Watch","trendy diamond watch","inactive",1,"2026-04-17 10:01:11"
"Trendy Fashion Watch","trendy fashion watch","inactive",1,"2026-04-17 10:01:11"
"Trendy Gold Women's Watch - Fashionable Design","trendy gold women's watch - fashionable design","inactive",1,"2026-04-17 10:01:11"
"Trendy Leather Shoulder Bag","trendy leather shoulder bag","inactive",1,"2026-04-17 10:01:11"
"TriFlex 3-in-1 Mobile Stand & Power Bank","triflex 3-in-1 mobile stand & power bank","inactive",1,"2026-04-17 10:01:11"
"Triple Folding Keyboard","triple folding keyboard","inactive",1,"2026-04-17 10:01:11"
"Tropic Alum (Fitkari) Bar - 100g","tropic alum (fitkari) bar - 100g","inactive",1,"2026-04-17 10:01:11"
"TRS Amchur Powder | Dried Mango Powder 100g","trs amchur powder | dried mango powder 100g","inactive",1,"2026-04-17 10:01:11"
"TRS Black Cardamom |Badi Elaichi 50g","trs black cardamom |badi elaichi 50g","inactive",1,"2026-04-17 10:01:11"
"TRS Boiled Chickpeas (Kabuli Chana) 800g","trs boiled chickpeas (kabuli chana) 800g","inactive",1,"2026-04-17 10:01:11"
"TRS Lebensmittelfarbe gelb","trs lebensmittelfarbe gelb","inactive",1,"2026-04-17 10:01:11"
"TRS Lebensmittelfarbe Rot","trs lebensmittelfarbe rot","inactive",1,"2026-04-17 10:01:11"
"TRS Mango Chutney 5Kg | Best Quality","trs mango chutney 5kg | best quality","inactive",1,"2026-04-17 10:01:11"
"TRS Moong Beans Whole (With Skin) | Sabut 2 Kg","trs moong beans whole (with skin) | sabut 2 kg","inactive",1,"2026-04-17 10:01:11"
"TRS Puffed Rice | Mamra | Pori 400g","trs puffed rice | mamra | pori 400g","inactive",1,"2026-04-17 10:01:11"
"TRS Red Cow Peas | Vanpayar 500g","trs red cow peas | vanpayar 500g","inactive",1,"2026-04-17 10:01:11"
"TRS Tamarind Paste | Concentrate 400g","trs tamarind paste | concentrate 400g","inactive",1,"2026-04-17 10:01:11"
"TRS Tapioca Sabudana 1,5Kg | Best Quality","trs tapioca sabudana 1,5kg | best quality","inactive",1,"2026-04-17 10:01:11"
"TRS Tukmaria | Basil Seeds | Sabja Seeds | Basilikum Samen 100g","trs tukmaria | basil seeds | sabja seeds | basilikum samen 100g","inactive",1,"2026-04-17 10:01:11"
"TRS White Rice Flakes | Poha | Pawa | Aval (Medium) 1Kg","trs white rice flakes | poha | pawa | aval (medium) 1kg","inactive",1,"2026-04-17 10:01:11"
"TRS Yellow Food Colour - 500g","trs yellow food colour - 500g","inactive",1,"2026-04-17 10:01:11"
"TRS Yellow Peas | Vatana (Whole) 500g","trs yellow peas | vatana (whole) 500g","inactive",1,"2026-04-17 10:01:11"
"TRS: 100g Mild Madras Curry Pwd","trs: 100g mild madras curry pwd","inactive",1,"2026-04-17 10:01:11"
"TRS: 2kg Toor Dal Plain","trs: 2kg toor dal plain","inactive",1,"2026-04-17 10:01:11"
"Twist and Boho Braids","twist and boho braids","inactive",1,"2026-04-17 10:01:11"
"Twist Board Exercise Equipment for Home Gym (Single Unit)","twist board exercise equipment for home gym (single unit)","inactive",1,"2026-04-17 10:01:11"
"Two-Tone Volcano Humidifier","two-tone volcano humidifier","inactive",1,"2026-04-17 10:01:11"
"Udhaiyam Papad Appalam Chips 100g","udhaiyam papad appalam chips 100g","inactive",1,"2026-04-17 10:01:11"
"UDHAIYAM PONNI BOILED RICE – 10Kg","udhaiyam ponni boiled rice – 10kg","inactive",1,"2026-04-17 10:01:11"
"Udhaiyam Red Rice Millet Noodles 175g","udhaiyam red rice millet noodles 175g","inactive",1,"2026-04-17 10:01:11"
"Udhaiyam Roasted Rava 1kg","udhaiyam roasted rava 1kg","inactive",1,"2026-04-17 10:01:11"
"Udhaiyam Samba Wheat Millet Pasta (175g)","udhaiyam samba wheat millet pasta (175g)","inactive",1,"2026-04-17 10:01:11"
"Udhaiyam Samba Wheat Noodles 175g","udhaiyam samba wheat noodles 175g","inactive",1,"2026-04-17 10:01:11"
"UDHAIYAM SONA MASOORI RICE – 10Kg","udhaiyam sona masoori rice – 10kg","inactive",1,"2026-04-17 10:01:11"
"Udhaiyam Urid Dal White or Urad dhuli dal -1Kg","udhaiyam urid dal white or urad dhuli dal -1kg","inactive",1,"2026-04-17 10:01:11"
"UFE Coco Multipurpose Cleaning Soap Pack - 5x200g","ufe coco multipurpose cleaning soap pack - 5x200g","inactive",1,"2026-04-17 10:01:11"
"Ullas Air Freshener Patchouli","ullas air freshener patchouli","inactive",1,"2026-04-17 10:01:11"
"Ullas Air Freshener Sandal","ullas air freshener sandal","inactive",1,"2026-04-17 10:01:11"
"Ullas Air Freshener Vanilla","ullas air freshener vanilla","inactive",1,"2026-04-17 10:01:11"
"Ullas Essence  oil Sandalwood","ullas essence  oil sandalwood","inactive",1,"2026-04-17 10:01:11"
"Ultimate Waterproof Fashion's Smartwatch","ultimate waterproof fashion's smartwatch","inactive",1,"2026-04-17 10:01:11"
"Ultra 2 Band Watch","ultra 2 band watch","inactive",1,"2026-04-17 10:01:11"
"Ultra Atta Kneader Blade for Dura Wet Grinder","ultra atta kneader blade for dura wet grinder","inactive",1,"2026-04-17 10:01:11"
"Ultra Braid 130S Hair","ultra braid 130s hair","inactive",1,"2026-04-17 10:01:11"
"Ultra Braid 1827 Hair","ultra braid 1827 hair","inactive",1,"2026-04-17 10:01:11"
"Ultra Braid 82"" ,165g","ultra braid 82"" ,165g","inactive",1,"2026-04-17 10:01:11"
"Ultra Braid 82"" 165g Hair","ultra braid 82"" 165g hair","inactive",1,"2026-04-17 10:01:11"
"Ultra Braid PINK 82"" ,165g","ultra braid pink 82"" ,165g","inactive",1,"2026-04-17 10:01:11"
"Ultra HD Mini Projector","ultra hd mini projector","inactive",1,"2026-04-17 10:01:11"
"Ultra Light Waterproof Travel Backpack","ultra light waterproof travel backpack","inactive",1,"2026-04-17 10:01:11"
"Ultra MAX Smart Watch Series","ultra max smart watch series","inactive",1,"2026-04-17 10:01:11"
"Ultra Thin Quartz Watches For Men","ultra thin quartz watches for men","inactive",1,"2026-04-17 10:01:11"
"Ultra-Thin Magnetic Power Bank","ultra-thin magnetic power bank","inactive",1,"2026-04-17 10:01:11"
"Ultra-Thin Men's Quartz Watch","ultra-thin men's quartz watch","inactive",1,"2026-04-17 10:01:11"
"Ultra-Thin Stainless Steel Strap For Apple Watch","ultra-thin stainless steel strap for apple watch","inactive",1,"2026-04-17 10:01:11"
"Unicorn Rakhi NR33 D","unicorn rakhi nr33 d","inactive",1,"2026-04-17 10:01:11"
"Unique Rose Flower Toran with Pearls","unique rose flower toran with pearls","inactive",1,"2026-04-17 10:01:11"
"Unisex Iced Moissanite Bust Down Watch","unisex iced moissanite bust down watch","inactive",1,"2026-04-17 10:01:11"
"Unisex Thick Knit Wool Scarf","unisex thick knit wool scarf","inactive",1,"2026-04-17 10:01:11"
"Unisex Watch Light Time EUROPE Black (Ø 40 mm)","unisex watch light time europe black (Ø 40 mm)","inactive",1,"2026-04-17 10:01:11"
"Unisex ZL02 Smart Watch","unisex zl02 smart watch","inactive",1,"2026-04-17 10:01:11"
"Universal Stroller Cup Holder","universal stroller cup holder","inactive",1,"2026-04-17 10:01:11"
"Universal three-fold mini keyboard","universal three-fold mini keyboard","inactive",1,"2026-04-17 10:01:11"
"Upgraded Waterproof Smart Watch","upgraded waterproof smart watch","inactive",1,"2026-04-17 10:01:11"
"Urban Edge™ Flex Bag","urban edge™ flex bag","inactive",1,"2026-04-17 10:01:11"
"Urid Flour | TRS Urid Flour 1Kg","urid flour | trs urid flour 1kg","inactive",1,"2026-04-17 10:01:11"
"Urid Whole Gota | TRS Urid Whole Gota 2Kg","urid whole gota | trs urid whole gota 2kg","inactive",1,"2026-04-17 10:01:11"
"USB 2.0 Hub with Switch","usb 2.0 hub with switch","inactive",1,"2026-04-17 10:01:11"
"USB 3.0 Hub with 4/7 Extension Port","usb 3.0 hub with 4/7 extension port","inactive",1,"2026-04-17 10:01:11"
"USB C Laptop Docking Station HUB","usb c laptop docking station hub","inactive",1,"2026-04-17 10:01:11"
"USB Charging Backpack","usb charging backpack","inactive",1,"2026-04-17 10:01:11"
"USB Charging Heated Eyelash Curler","usb charging heated eyelash curler","inactive",1,"2026-04-17 10:01:11"
"USB Rechargeable Electric Hair Removal Device","usb rechargeable electric hair removal device","inactive",1,"2026-04-17 10:01:11"
"USB Rechargeable Skin Detector","usb rechargeable skin detector","inactive",1,"2026-04-17 10:01:11"
"USB Shoulder Bag","usb shoulder bag","inactive",1,"2026-04-17 10:01:11"
"USB Waterproof Helmet Light","usb waterproof helmet light","inactive",1,"2026-04-17 10:01:11"
"USB-C Multi-Hub Docking Station","usb-c multi-hub docking station","inactive",1,"2026-04-17 10:01:11"
"VADA","vada","inactive",1,"2026-04-17 10:01:11"
"Varta Superlife 9V Zinc-Carbon","varta superlife 9v zinc-carbon","inactive",1,"2026-04-17 10:01:11"
"Vatika blackseed multivitamin shampoo","vatika blackseed multivitamin shampoo","inactive",1,"2026-04-17 10:01:11"
"Vatika Coconut Hair Oil","vatika coconut hair oil","inactive",1,"2026-04-17 10:01:11"
"Vatika Coconut Hair oil - 300ml","vatika coconut hair oil - 300ml","inactive",1,"2026-04-17 10:01:11"
"Vatika Multivitamin Shampoo Refreshing Lemon","vatika multivitamin shampoo refreshing lemon","inactive",1,"2026-04-17 10:01:11"
"Vatika Multivitamin Shampoo Tropical Coconut","vatika multivitamin shampoo tropical coconut","inactive",1,"2026-04-17 10:01:11"
"Vatika Naturals | Avocado Shampoo | Protein Boost 425ml","vatika naturals | avocado shampoo | protein boost 425ml","inactive",1,"2026-04-17 10:01:11"
"Vatika Naturals | Garlic Vitamin + Hair Oil | 200ml","vatika naturals | garlic vitamin + hair oil | 200ml","inactive",1,"2026-04-17 10:01:11"
"Vatika Naturals | Multivitamin Shampoo | Anti-Frizz | Virgin Olive 400ml","vatika naturals | multivitamin shampoo | anti-frizz | virgin olive 400ml","inactive",1,"2026-04-17 10:01:11"
"Vatika Naturals | Multivitamin Shampoo | Garlic 400ml","vatika naturals | multivitamin shampoo | garlic 400ml","inactive",1,"2026-04-17 10:01:11"
"Vatika Naturals | Multivitamin Shampoo | Moroccan Argan 400ml","vatika naturals | multivitamin shampoo | moroccan argan 400ml","inactive",1,"2026-04-17 10:01:11"
"Vatika Naturals | Multivitamin Shampoo | Sweet Almond 400ml","vatika naturals | multivitamin shampoo | sweet almond 400ml","inactive",1,"2026-04-17 10:01:11"
"Vatika Naturals | Multivitamin Shampoo | Tropical Coconut 400ml","vatika naturals | multivitamin shampoo | tropical coconut 400ml","inactive",1,"2026-04-17 10:01:11"
"Vatika Wild Cactus Conditioner - 200ml","vatika wild cactus conditioner - 200ml","inactive",1,"2026-04-17 10:01:11"
"Vegetable Garlic 250g","vegetable garlic 250g","inactive",1,"2026-04-17 10:01:11"
"Versatile Retro Shoulder Messenger Bag","versatile retro shoulder messenger bag","inactive",1,"2026-04-17 10:01:11"
"Vijayshree Golden Nag Chandan Incense Sticks","vijayshree golden nag chandan incense sticks","inactive",1,"2026-04-17 10:01:11"
"Vijayshree Golden Nag Lavender Incense Sticks - 15 Sticks","vijayshree golden nag lavender incense sticks - 15 sticks","inactive",1,"2026-04-17 10:01:11"
"Vijayshree Golden Nag Red Rose Incense Sticks - 12 Sticks","vijayshree golden nag red rose incense sticks - 12 sticks","inactive",1,"2026-04-17 10:01:11"
"Vijayshree Golden Nag Temple Incense Sticks - 15 Sticks","vijayshree golden nag temple incense sticks - 15 sticks","inactive",1,"2026-04-17 10:01:11"
"Vijayshree Nag Champa Incense Sticks - 15 Sticks","vijayshree nag champa incense sticks - 15 sticks","inactive",1,"2026-04-17 10:01:11"
"Vim Power Lemons Dishwashbar Pack of 4 X 90gm","vim power lemons dishwashbar pack of 4 x 90gm","inactive",1,"2026-04-17 10:01:11"
"Vimal - 1Piece Sehnaaz Henna Chocko Brown","vimal - 1piece sehnaaz henna chocko brown","inactive",1,"2026-04-17 10:01:11"
"Vimal's Sehnaaz Instant Rubyo Henna Mehandi Cone","vimal's sehnaaz instant rubyo henna mehandi cone","inactive",1,"2026-04-17 10:01:11"
"Vimto (Red) Sparkling Fruit Drink 330ml","vimto (red) sparkling fruit drink 330ml","inactive",1,"2026-04-17 10:01:11"
"Vimto Fruit Cordial 1Ltr","vimto fruit cordial 1ltr","inactive",1,"2026-04-17 10:01:11"
"Vimto Sparkling Flavour Naturally Sweetened 2Ltr","vimto sparkling flavour naturally sweetened 2ltr","inactive",1,"2026-04-17 10:01:11"
"Vimto Sparkling Fruit Flavour Drink 330ml","vimto sparkling fruit flavour drink 330ml","inactive",1,"2026-04-17 10:01:11"
"Vina Acecook Kingcook Shrimp Flavour 65g","vina acecook kingcook shrimp flavour 65g","inactive",1,"2026-04-17 10:01:11"
"Vintage Ethnic Print Women's Quartz Watch Gift","vintage ethnic print women's quartz watch gift","inactive",1,"2026-04-17 10:01:11"
"Vintage Horse Leather Wallet","vintage horse leather wallet","inactive",1,"2026-04-17 10:01:11"
"Vintage Leather Watch Roll","vintage leather watch roll","inactive",1,"2026-04-17 10:01:11"
"Vintage Paneled PU Leather Women Backpack","vintage paneled pu leather women backpack","inactive",1,"2026-04-17 10:01:11"
"Vintage Portable Phonograph Turntables","vintage portable phonograph turntables","inactive",1,"2026-04-17 10:01:11"
"Vintage PU Leather Handbag For Women","vintage pu leather handbag for women","inactive",1,"2026-04-17 10:01:11"
"Vintage Soft Leather Backpack","vintage soft leather backpack","inactive",1,"2026-04-17 10:01:11"
"Vintage Square Bag","vintage square bag","inactive",1,"2026-04-17 10:01:11"
"Vopsea pentru Sprâncene Tattoo Brow Maybelline","vopsea pentru sprâncene tattoo brow maybelline","inactive",1,"2026-04-17 10:01:11"
"Waist Pack Motorcycle Bag","waist pack motorcycle bag","inactive",1,"2026-04-17 10:01:11"
"Wall-Mounted Soap Grinder Dispenser","wall-mounted soap grinder dispenser","inactive",1,"2026-04-17 10:01:11"
"Wan Ja Shan dumpling sauce 200ml","wan ja shan dumpling sauce 200ml","inactive",1,"2026-04-17 10:01:11"
"Wang Korea Buckwheat Vermicelle 283g","wang korea buckwheat vermicelle 283g","inactive",1,"2026-04-17 10:01:11"
"Wang Korea: 2,3gx 8 Seasoned seaweed","wang korea: 2,3gx 8 seasoned seaweed","inactive",1,"2026-04-17 10:01:11"
"Watch Band & Case For iWatch Series 7 6 SE 5","watch band & case for iwatch series 7 6 se 5","inactive",1,"2026-04-17 10:01:11"
"Watch Kit","watch kit","inactive",1,"2026-04-17 10:01:11"
"Water Floating Diya","water floating diya","inactive",1,"2026-04-17 10:01:11"
"Water Quartz Watches","water quartz watches","inactive",1,"2026-04-17 10:01:11"
"Waterproof  GPS Cycle Smart Watch","waterproof  gps cycle smart watch","inactive",1,"2026-04-17 10:01:11"
"Waterproof Backpack","waterproof backpack","inactive",1,"2026-04-17 10:01:11"
"Waterproof Backpack Rain Cover","waterproof backpack rain cover","inactive",1,"2026-04-17 10:01:11"
"Waterproof Bange Backpack 45L","waterproof bange backpack 45l","inactive",1,"2026-04-17 10:01:11"
"Waterproof Bike Saddle Bag with Water Bottle Pocket (1.5L)","waterproof bike saddle bag with water bottle pocket (1.5l)","inactive",1,"2026-04-17 10:01:11"
"Waterproof BT Smart Watch Phone Mate","waterproof bt smart watch phone mate","inactive",1,"2026-04-17 10:01:11"
"Waterproof Drawstring Gym Bag","waterproof drawstring gym bag","inactive",1,"2026-04-17 10:01:11"
"Waterproof Drawstring Gym Bags","waterproof drawstring gym bags","inactive",1,"2026-04-17 10:01:11"
"Waterproof Food Thermal Bag","waterproof food thermal bag","inactive",1,"2026-04-17 10:01:11"
"Waterproof Gym Swimming Sport Storage Hand Bag","waterproof gym swimming sport storage hand bag","inactive",1,"2026-04-17 10:01:11"
"Waterproof Man Waist  Fanny Pack","waterproof man waist  fanny pack","inactive",1,"2026-04-17 10:01:11"
"Waterproof Mesh Strap Watch with Calendar for Business","waterproof mesh strap watch with calendar for business","inactive",1,"2026-04-17 10:01:11"
"Waterproof Motocentric Front Bag","waterproof motocentric front bag","inactive",1,"2026-04-17 10:01:11"
"Waterproof Multifunctional Travel Bag","waterproof multifunctional travel bag","inactive",1,"2026-04-17 10:01:11"
"Waterproof Sport Watch for Men","waterproof sport watch for men","inactive",1,"2026-04-17 10:01:11"
"Waterproof Sports Watch","waterproof sports watch","inactive",1,"2026-04-17 10:01:11"
"Waterproof Women's Watch with Full Rhinestones, SK Fashion","waterproof women's watch with full rhinestones, sk fashion","inactive",1,"2026-04-17 10:01:11"
"Wax Oil Leather Bag","wax oil leather bag","inactive",1,"2026-04-17 10:01:11"
"Weatherproof Sports Watch","weatherproof sports watch","inactive",1,"2026-04-17 10:01:11"
"WEBELKART DIYA SHAPE FLOWER DECORATIVE URLI BOWL FOR DIWALI ITEMS – 1Pcs","webelkart diya shape flower decorative urli bowl for diwali items – 1pcs","inactive",1,"2026-04-17 10:01:11"
"WEICHER &amp; PRÄZISER Lipliner #301-romantisch 0,78 gr","weicher &amp; prÄziser lipliner #301-romantisch 0,78 gr","inactive",1,"2026-04-17 10:01:11"
"Weikfield Custard Vanilla Powder (200g)","weikfield custard vanilla powder (200g)","inactive",1,"2026-04-17 10:01:11"
"WheelSpin Watch","wheelspin watch","inactive",1,"2026-04-17 10:01:11"
"White Tiger Balm Ointment 21g","white tiger balm ointment 21g","inactive",1,"2026-04-17 10:01:11"
"White Y2K Handbag","white y2k handbag","inactive",1,"2026-04-17 10:01:11"
"Wi-Fi Smart Silicone LED Neon Strip","wi-fi smart silicone led neon strip","inactive",1,"2026-04-17 10:01:11"
"WICK – 1 bunch","wick – 1 bunch","inactive",1,"2026-04-17 10:01:11"
"WiFi RGB Nixie Glow Tube Clock LED Digital Table Ornament","wifi rgb nixie glow tube clock led digital table ornament","inactive",1,"2026-04-17 10:01:11"
"Wii Wireless Bluetooth Game Controller (Left & Right)","wii wireless bluetooth game controller (left & right)","inactive",1,"2026-04-17 10:01:11"
"Wind Proof Outdoor Gas Burner","wind proof outdoor gas burner","inactive",1,"2026-04-17 10:01:11"
"Wireless Bluetooth Keyboard","wireless bluetooth keyboard","inactive",1,"2026-04-17 10:01:11"
"Wireless Bluetooth Retro Turntable Speaker","wireless bluetooth retro turntable speaker","inactive",1,"2026-04-17 10:01:11"
"Wireless Charging Desk Mat","wireless charging desk mat","inactive",1,"2026-04-17 10:01:11"
"Wireless Electric Slow Juicer","wireless electric slow juicer","inactive",1,"2026-04-17 10:01:11"
"Wireless Gaming Mouse","wireless gaming mouse","inactive",1,"2026-04-17 10:01:11"
"Wireless Pluffy Hair Curler","wireless pluffy hair curler","inactive",1,"2026-04-17 10:01:11"
"Wireless Power Bank","wireless power bank","inactive",1,"2026-04-17 10:01:11"
"Wireless Retro Gaming Console","wireless retro gaming console","inactive",1,"2026-04-17 10:01:11"
"Wireless Surveillance Camera","wireless surveillance camera","inactive",1,"2026-04-17 10:01:11"
"Witchy Cauldron Cast Iron with Handle 8.5 cm","witchy cauldron cast iron with handle 8.5 cm","inactive",1,"2026-04-17 10:01:11"
"Wizzi Exotic 500ml","wizzi exotic 500ml","inactive",1,"2026-04-17 10:01:11"
"WOK SET Stove","wok set stove","inactive",1,"2026-04-17 10:01:11"
"Wok: 13 Inch Wok Flacher Boden","wok: 13 inch wok flacher boden","inactive",1,"2026-04-17 10:01:11"
"Women Fashion Casual Luxury Handbag For Women","women fashion casual luxury handbag for women","inactive",1,"2026-04-17 10:01:11"
"Women Laser Epilator Shaver","women laser epilator shaver","inactive",1,"2026-04-17 10:01:11"
"Women's Classic Leather Bag - Aussie","women's classic leather bag - aussie","inactive",1,"2026-04-17 10:01:11"
"Women's Fashion Casual Tote Bag","women's fashion casual tote bag","inactive",1,"2026-04-17 10:01:11"
"Women's Fashion Leather Bags","women's fashion leather bags","inactive",1,"2026-04-17 10:01:11"
"Women's Fashion Smartwatch Fitness Bracelet","women's fashion smartwatch fitness bracelet","inactive",1,"2026-04-17 10:01:11"
"Women's Leather Cat Watch with Yin Yang Design","women's leather cat watch with yin yang design","inactive",1,"2026-04-17 10:01:11"
"Women's Luxury Watch Set","women's luxury watch set","inactive",1,"2026-04-17 10:01:11"
"Women's Portable Leather Handbag","women's portable leather handbag","inactive",1,"2026-04-17 10:01:11"
"Women's Purses and Handbag High Quality Shoulder Bag","women's purses and handbag high quality shoulder bag","inactive",1,"2026-04-17 10:01:11"
"Women's Retro Crossbody Shoulder Bag - Clarice","women's retro crossbody shoulder bag - clarice","inactive",1,"2026-04-17 10:01:11"
"Women's Small Shoulder Handbag","women's small shoulder handbag","inactive",1,"2026-04-17 10:01:11"
"Women's Square Steel Strap Watch","women's square steel strap watch","inactive",1,"2026-04-17 10:01:11"
"Women's Watch","women's watch","inactive",1,"2026-04-17 10:01:11"
"Wooden Chakla Belan |Rolling Board and Pin 1 Set","wooden chakla belan |rolling board and pin 1 set","inactive",1,"2026-04-17 10:01:11"
"Wooden Couple's Watch with Genuine Leather Band","wooden couple's watch with genuine leather band","inactive",1,"2026-04-17 10:01:11"
"Wooden Incense Stick & Dhoop Holder Round 2 in 1","wooden incense stick & dhoop holder round 2 in 1","inactive",1,"2026-04-17 10:01:11"
"Wooden Quartz Leather Strap Wristwatch","wooden quartz leather strap wristwatch","inactive",1,"2026-04-17 10:01:11"
"Y1 Smartwatch With GPS","y1 smartwatch with gps","inactive",1,"2026-04-17 10:01:11"
"Yellow Pom Pom with Hanging Topi Toran","yellow pom pom with hanging topi toran","inactive",1,"2026-04-17 10:01:11"
"Yellow Pooja Cloth / Pooja Aasan (1pc)","yellow pooja cloth / pooja aasan (1pc)","inactive",1,"2026-04-17 10:01:11"
"YM12 Smart Watch with Bluetooth Heart Rate Monitor","ym12 smart watch with bluetooth heart rate monitor","inactive",1,"2026-04-17 10:01:11"
"Yum Yum Instant Chicken Noodles 60g","yum yum instant chicken noodles 60g","inactive",1,"2026-04-17 10:01:11"
"Yum Yum Instant Garnelen Noodles 60g","yum yum instant garnelen noodles 60g","inactive",1,"2026-04-17 10:01:11"
"Zen Buddha with 3 Bells - 22x17x7 cm","zen buddha with 3 bells - 22x17x7 cm","inactive",1,"2026-04-17 10:01:11"
"Zenith Paraffin hair Oil","zenith paraffin hair oil","inactive",1,"2026-04-17 10:01:11"
"Zentra™ Silicone Magnetic Band For Apple Watch (BOGO)","zentra™ silicone magnetic band for apple watch (bogo)","inactive",1,"2026-04-17 10:01:11"
"ZenWood Watch","zenwood watch","inactive",1,"2026-04-17 10:01:11"
"ZF ZF ZF","zf zf zf","inactive",1,"2026-04-17 10:01:11"
"Zipper Cotton-padded Jacket Bag","zipper cotton-padded jacket bag","inactive",1,"2026-04-17 10:01:11"
"Zordan Bedsheet","zordan bedsheet","inactive",1,"2026-04-17 10:01:11"